0;Bulbasaur;"Bulbasaur is a Grass/Poison type Pokémon introduced in Generation 1.\nBulbasaur is a small, mainly turquoise amphibian Pokémon with red eyes and a green bulb on its back. It is based on a frog/toad, with the bulb resembling a plant bulb that grows into a flower as it evolves.\nBulbasaur is notable for being the very first Pokémon in the National Pokédex. It is one of the three choices for a starter Pokémon in the original Game Boy games, Pokémon Red & Blue (Red & Green in Japan), along with Charmander and Squirtle.";bulbasaur;1;318;45;49;monsters/bulbasaur.png.txt;monsters/bulbasaur_normal.gif.txt;monsters/bulbasaur_back.gif.txt
1;Ivysaur;"Ivysaur is a Grass/Poison type Pokémon introduced in Generation 1.";bulbasaur;2;350;50;54;monsters/ivysaur.png.txt;monsters/ivysaur_normal.gif.txt;monsters/ivysaur_back.gif.txt
2;Venusaur;"Venusaur is a Grass/Poison type Pokémon introduced in Generation 1.\nVenusaur is a large, quadrupedal Pokémon with a turquoise body. It has small red eyes and several large ferns on its back and head. The plant bulb that was on the back of its previous evolutions, Bulbasaur and Ivysaur, has now bloomed into a large flower with large pink petals and a yellow center. The female has a seed in the center.\nVenusaur is inspired by toads and the horned frog. The large flower is similar to the Rafflesia arnoldii, a parasitic plant with an unpleasant odor, referencing the Pokémon's Poison type.\nVenusaur is notable for being the final evolution stage of one of the original starter Pokémon, along with Charizard and Blastoise. It has a Mega Evolution, available in Generation 6 games and Pokémon Go; it also has a Gigantamax form available in Pokémon Sword/Shield, with an exclusive G-Max move, G-Max Vine Lash.";bulbasaur;3;700;99;108;monsters/venusaur.png.txt;monsters/venusaur_normal.gif.txt;monsters/venusaur_back.gif.txt
3;Venusaur-1;"Venusaur is a Grass/Poison type Pokémon introduced in Generation 1.\nVenusaur is a large, quadrupedal Pokémon with a turquoise body. It has small red eyes and several large ferns on its back and head. The plant bulb that was on the back of its previous evolutions, Bulbasaur and Ivysaur, has now bloomed into a large flower with large pink petals and a yellow center. The female has a seed in the center.\nVenusaur is inspired by toads and the horned frog. The large flower is similar to the Rafflesia arnoldii, a parasitic plant with an unpleasant odor, referencing the Pokémon's Poison type.\nVenusaur is notable for being the final evolution stage of one of the original starter Pokémon, along with Charizard and Blastoise. It has a Mega Evolution, available in Generation 6 games and Pokémon Go; it also has a Gigantamax form available in Pokémon Sword/Shield, with an exclusive G-Max move, G-Max Vine Lash.";bulbasaur;4;1049;149;162;monsters/venusaur.png.txt;monsters/venusaur_normal.gif.txt;monsters/venusaur_back.gif.txt
4;Venusaur-2;"Venusaur is a Grass/Poison type Pokémon introduced in Generation 1.\nVenusaur is a large, quadrupedal Pokémon with a turquoise body. It has small red eyes and several large ferns on its back and head. The plant bulb that was on the back of its previous evolutions, Bulbasaur and Ivysaur, has now bloomed into a large flower with large pink petals and a yellow center. The female has a seed in the center.\nVenusaur is inspired by toads and the horned frog. The large flower is similar to the Rafflesia arnoldii, a parasitic plant with an unpleasant odor, referencing the Pokémon's Poison type.\nVenusaur is notable for being the final evolution stage of one of the original starter Pokémon, along with Charizard and Blastoise. It has a Mega Evolution, available in Generation 6 games and Pokémon Go; it also has a Gigantamax form available in Pokémon Sword/Shield, with an exclusive G-Max move, G-Max Vine Lash.";bulbasaur;5;1399;198;216;monsters/venusaur.png.txt;monsters/venusaur_normal.gif.txt;monsters/venusaur_back.gif.txt
5;Charmander;"Charmander is a Fire type Pokémon introduced in Generation 1.\nCharmander is a bipedal, reptilian Pokémon. Most of its body is colored orange, while its underbelly is light yellow and it has blue eyes. It has a flame at the end of its tail, which is said to signify its health.\nCharmander's design is based on a lizard, however as its name suggests it may also have been inspired by salamanders, which in mythology have an affinity with fire.\nCharmander is notable for being one of the three choices for a starter Pokémon in the original Game Boy games, Pokémon Red & Blue (Red & Green in Japan), along with Bulbasaur and Squirtle.";charmander;1;309;39;52;monsters/charmander.png.txt;monsters/charmander_normal.gif.txt;monsters/charmander_back.gif.txt
6;Charmeleon;"Charmeleon is a Fire type Pokémon introduced in Generation 1.";charmander;2;340;43;57;monsters/charmeleon.png.txt;monsters/charmeleon_normal.gif.txt;monsters/charmeleon_back.gif.txt
7;Charizard;"Charizard is a Fire/Flying type Pokémon introduced in Generation 1.\nCharizard is a large dragon-like Pokémon, mainly orange in color. It has two large wings, the underside of which are turquoise. Like Charmander and Charmeleon, it has a flame at the end of its tail.\nThe design of Charizard appears to draw inspiration from dragons of European folklore, with its large wings, horned head, and fiery breath.\nCharizard is notable for being the final evolution stage of one of the original starter Pokémon, along with Venusaur and Blastoise. Although it looks like a dragon, it doesn't have the Dragon typing. However it has two Mega Evolutions, available in Generation 6 games and Pokémon Go, one of which replaces its Flying type with Dragon. Charizard also has a Gigantamax form available in Pokémon Sword/Shield, with an exclusive G-Max move, G-Max Wildfire.";charmander;3;680;86;114;monsters/charizard.png.txt;monsters/charizard_normal.gif.txt;monsters/charizard_back.gif.txt
8;Charizard-1;"Charizard is a Fire/Flying type Pokémon introduced in Generation 1.\nCharizard is a large dragon-like Pokémon, mainly orange in color. It has two large wings, the underside of which are turquoise. Like Charmander and Charmeleon, it has a flame at the end of its tail.\nThe design of Charizard appears to draw inspiration from dragons of European folklore, with its large wings, horned head, and fiery breath.\nCharizard is notable for being the final evolution stage of one of the original starter Pokémon, along with Venusaur and Blastoise. Although it looks like a dragon, it doesn't have the Dragon typing. However it has two Mega Evolutions, available in Generation 6 games and Pokémon Go, one of which replaces its Flying type with Dragon. Charizard also has a Gigantamax form available in Pokémon Sword/Shield, with an exclusive G-Max move, G-Max Wildfire.";charmander;4;1020;129;172;monsters/charizard.png.txt;monsters/charizard_normal.gif.txt;monsters/charizard_back.gif.txt
9;Charizard-2;"Charizard is a Fire/Flying type Pokémon introduced in Generation 1.\nCharizard is a large dragon-like Pokémon, mainly orange in color. It has two large wings, the underside of which are turquoise. Like Charmander and Charmeleon, it has a flame at the end of its tail.\nThe design of Charizard appears to draw inspiration from dragons of European folklore, with its large wings, horned head, and fiery breath.\nCharizard is notable for being the final evolution stage of one of the original starter Pokémon, along with Venusaur and Blastoise. Although it looks like a dragon, it doesn't have the Dragon typing. However it has two Mega Evolutions, available in Generation 6 games and Pokémon Go, one of which replaces its Flying type with Dragon. Charizard also has a Gigantamax form available in Pokémon Sword/Shield, with an exclusive G-Max move, G-Max Wildfire.";charmander;5;1360;172;229;monsters/charizard.png.txt;monsters/charizard_normal.gif.txt;monsters/charizard_back.gif.txt
10;Squirtle;"Squirtle is a Water type Pokémon introduced in Generation 1.\nSquirtle is a bipedal, reptilian Pokémon. It has a blue body with purple eyes, a light brown belly, and a tough red-brown shell on its back. It has a long tail that curls into a spiral.\nSquirtle is primarily based on a turtle, taking inspiration from both land-dwelling and sea-dwelling varieties. The curly tail resembles a crashing wave.\nSquirtle is notable for being one of the three choices for a starter Pokémon in the original Game Boy games, Pokémon Red & Blue (Red & Green in Japan), along with Bulbasaur and Charmander.";squirtle;1;314;44;48;monsters/squirtle.png.txt;monsters/squirtle_normal.gif.txt;monsters/squirtle_back.gif.txt
11;Wartortle;"Wartortle is a Water type Pokémon introduced in Generation 1.";squirtle;2;345;48;53;monsters/wartortle.png.txt;monsters/wartortle_normal.gif.txt;monsters/wartortle_back.gif.txt
12;Blastoise;"Blastoise is a Water type Pokémon introduced in Generation 1.\nBlastoise is a large, bipedal, reptilian Pokémon. It has a blue body with small purple eyes, a light brown belly, and a stubby tail. It has a large brown shell with two powerful water cannons on either side, which can be withdrawn.\nBlastoise's design is heavily influenced by turtles and tortoises. The cannons likely draw inspiration from the concept of a mobile tank or battleship.\nBlastoise is notable for being the final evolution stage of one of the original starter Pokémon, along with Venusaur and Charizard. It has a Mega Evolution, available in Generation 6 games and Pokémon Go; it also has a Gigantamax form available in Pokémon Sword/Shield, with an exclusive G-Max move, G-Max Cannonade.";squirtle;3;691;97;106;monsters/blastoise.png.txt;monsters/blastoise_normal.gif.txt;monsters/blastoise_back.gif.txt
13;Blastoise-1;"Blastoise is a Water type Pokémon introduced in Generation 1.\nBlastoise is a large, bipedal, reptilian Pokémon. It has a blue body with small purple eyes, a light brown belly, and a stubby tail. It has a large brown shell with two powerful water cannons on either side, which can be withdrawn.\nBlastoise's design is heavily influenced by turtles and tortoises. The cannons likely draw inspiration from the concept of a mobile tank or battleship.\nBlastoise is notable for being the final evolution stage of one of the original starter Pokémon, along with Venusaur and Charizard. It has a Mega Evolution, available in Generation 6 games and Pokémon Go; it also has a Gigantamax form available in Pokémon Sword/Shield, with an exclusive G-Max move, G-Max Cannonade.";squirtle;4;1036;145;158;monsters/blastoise.png.txt;monsters/blastoise_normal.gif.txt;monsters/blastoise_back.gif.txt
14;Blastoise-2;"Blastoise is a Water type Pokémon introduced in Generation 1.\nBlastoise is a large, bipedal, reptilian Pokémon. It has a blue body with small purple eyes, a light brown belly, and a stubby tail. It has a large brown shell with two powerful water cannons on either side, which can be withdrawn.\nBlastoise's design is heavily influenced by turtles and tortoises. The cannons likely draw inspiration from the concept of a mobile tank or battleship.\nBlastoise is notable for being the final evolution stage of one of the original starter Pokémon, along with Venusaur and Charizard. It has a Mega Evolution, available in Generation 6 games and Pokémon Go; it also has a Gigantamax form available in Pokémon Sword/Shield, with an exclusive G-Max move, G-Max Cannonade.";squirtle;5;1382;194;211;monsters/blastoise.png.txt;monsters/blastoise_normal.gif.txt;monsters/blastoise_back.gif.txt
15;Caterpie;"Caterpie is a Bug type Pokémon introduced in Generation 1.";caterpie;1;195;45;30;monsters/caterpie.png.txt;monsters/caterpie_normal.gif.txt;monsters/caterpie_back.gif.txt
16;Metapod;"Metapod is a Bug type Pokémon introduced in Generation 1.";caterpie;2;215;50;33;monsters/metapod.png.txt;monsters/metapod_normal.gif.txt;monsters/metapod_back.gif.txt
17;Butterfree;"Butterfree is a Bug/Flying type Pokémon introduced in Generation 1.\nButterfree has a Gigantamax form available in Pokémon Sword/Shield, with an exclusive G-Max move, G-Max Befuddle.";caterpie;3;429;99;66;monsters/butterfree.png.txt;monsters/butterfree_normal.gif.txt;monsters/butterfree_back.gif.txt
18;Butterfree-1;"Butterfree is a Bug/Flying type Pokémon introduced in Generation 1.\nButterfree has a Gigantamax form available in Pokémon Sword/Shield, with an exclusive G-Max move, G-Max Befuddle.";caterpie;4;644;149;99;monsters/butterfree.png.txt;monsters/butterfree_normal.gif.txt;monsters/butterfree_back.gif.txt
19;Butterfree-2;"Butterfree is a Bug/Flying type Pokémon introduced in Generation 1.\nButterfree has a Gigantamax form available in Pokémon Sword/Shield, with an exclusive G-Max move, G-Max Befuddle.";caterpie;5;858;198;132;monsters/butterfree.png.txt;monsters/butterfree_normal.gif.txt;monsters/butterfree_back.gif.txt
20;Weedle;"Weedle is a Bug/Poison type Pokémon introduced in Generation 1.";weedle;1;195;40;35;monsters/weedle.png.txt;monsters/weedle_normal.gif.txt;monsters/weedle_back.gif.txt
21;Kakuna;"Kakuna is a Bug/Poison type Pokémon introduced in Generation 1.";weedle;2;215;44;39;monsters/kakuna.png.txt;monsters/kakuna_normal.gif.txt;monsters/kakuna_back.gif.txt
22;Beedrill;"Beedrill is a Bug/Poison type Pokémon introduced in Generation 1.\nBeedrill has a Mega Evolution, available in Omega Ruby/Alpha Sapphire and Pokémon Go.";weedle;3;429;88;77;monsters/beedrill.png.txt;monsters/beedrill_normal.gif.txt;monsters/beedrill_back.gif.txt
23;Beedrill-1;"Beedrill is a Bug/Poison type Pokémon introduced in Generation 1.\nBeedrill has a Mega Evolution, available in Omega Ruby/Alpha Sapphire and Pokémon Go.";weedle;4;644;132;116;monsters/beedrill.png.txt;monsters/beedrill_normal.gif.txt;monsters/beedrill_back.gif.txt
24;Beedrill-2;"Beedrill is a Bug/Poison type Pokémon introduced in Generation 1.\nBeedrill has a Mega Evolution, available in Omega Ruby/Alpha Sapphire and Pokémon Go.";weedle;5;858;176;154;monsters/beedrill.png.txt;monsters/beedrill_normal.gif.txt;monsters/beedrill_back.gif.txt
25;Pidgey;"Pidgey is a Normal/Flying type Pokémon introduced in Generation 1.";pidgey;1;251;40;45;monsters/pidgey.png.txt;monsters/pidgey_normal.gif.txt;monsters/pidgey_back.gif.txt
26;Pidgeotto;"Pidgeotto is a Normal/Flying type Pokémon introduced in Generation 1.";pidgey;2;276;44;50;monsters/pidgeotto.png.txt;monsters/pidgeotto_normal.gif.txt;monsters/pidgeotto_back.gif.txt
27;Pidgeot;"Pidgeot is a Normal/Flying type Pokémon introduced in Generation 1.\nPidgeot has a Mega Evolution, available in Omega Ruby/Alpha Sapphire and Pokémon Go.";pidgey;3;552;88;99;monsters/pidgeot.png.txt;monsters/pidgeot_normal.gif.txt;monsters/pidgeot_back.gif.txt
28;Pidgeot-1;"Pidgeot is a Normal/Flying type Pokémon introduced in Generation 1.\nPidgeot has a Mega Evolution, available in Omega Ruby/Alpha Sapphire and Pokémon Go.";pidgey;4;828;132;149;monsters/pidgeot.png.txt;monsters/pidgeot_normal.gif.txt;monsters/pidgeot_back.gif.txt
29;Pidgeot-2;"Pidgeot is a Normal/Flying type Pokémon introduced in Generation 1.\nPidgeot has a Mega Evolution, available in Omega Ruby/Alpha Sapphire and Pokémon Go.";pidgey;5;1104;176;198;monsters/pidgeot.png.txt;monsters/pidgeot_normal.gif.txt;monsters/pidgeot_back.gif.txt
30;Nidoran♀;"Nidoran♀ is a Poison type Pokémon introduced in Generation 1.";nidoran-f;1;275;55;47;monsters/nidoran-f.png.txt;monsters/nidoran-f_normal.gif.txt;monsters/nidoran-f_back.gif.txt
31;Nidorina;"Nidorina is a Poison type Pokémon introduced in Generation 1.";nidoran-f;2;303;61;52;monsters/nidorina.png.txt;monsters/nidorina_normal.gif.txt;monsters/nidorina_back.gif.txt
32;Nidoqueen;"Nidoqueen is a Poison/Ground type Pokémon introduced in Generation 1.";nidoran-f;3;605;121;103;monsters/nidoqueen.png.txt;monsters/nidoqueen_normal.gif.txt;monsters/nidoqueen_back.gif.txt
33;Nidoqueen-1;"Nidoqueen is a Poison/Ground type Pokémon introduced in Generation 1.";nidoran-f;4;908;182;155;monsters/nidoqueen.png.txt;monsters/nidoqueen_normal.gif.txt;monsters/nidoqueen_back.gif.txt
34;Nidoqueen-2;"Nidoqueen is a Poison/Ground type Pokémon introduced in Generation 1.";nidoran-f;5;1210;242;207;monsters/nidoqueen.png.txt;monsters/nidoqueen_normal.gif.txt;monsters/nidoqueen_back.gif.txt
35;Nidoran♂;"Nidoran♂ is a Poison type Pokémon introduced in Generation 1.";nidoran-m;1;273;46;57;monsters/nidoran-m.png.txt;monsters/nidoran-m_normal.gif.txt;monsters/nidoran-m_back.gif.txt
36;Nidorino;"Nidorino is a Poison type Pokémon introduced in Generation 1.";nidoran-m;2;300;51;63;monsters/nidorino.png.txt;monsters/nidorino_normal.gif.txt;monsters/nidorino_back.gif.txt
37;Nidoking;"Nidoking is a Poison/Ground type Pokémon introduced in Generation 1.";nidoran-m;3;601;101;125;monsters/nidoking.png.txt;monsters/nidoking_normal.gif.txt;monsters/nidoking_back.gif.txt
38;Nidoking-1;"Nidoking is a Poison/Ground type Pokémon introduced in Generation 1.";nidoran-m;4;901;152;188;monsters/nidoking.png.txt;monsters/nidoking_normal.gif.txt;monsters/nidoking_back.gif.txt
39;Nidoking-2;"Nidoking is a Poison/Ground type Pokémon introduced in Generation 1.";nidoran-m;5;1201;202;251;monsters/nidoking.png.txt;monsters/nidoking_normal.gif.txt;monsters/nidoking_back.gif.txt
40;Cleffa;"Cleffa is a Fairy type Pokémon introduced in Generation 2.";cleffa;1;218;50;25;monsters/cleffa.png.txt;monsters/cleffa_normal.gif.txt;monsters/cleffa_back.gif.txt
41;Clefairy;"Clefairy is a Fairy type Pokémon introduced in Generation 1.";cleffa;2;240;55;28;monsters/clefairy.png.txt;monsters/clefairy_normal.gif.txt;monsters/clefairy_back.gif.txt
42;Clefable;"Clefable is a Fairy type Pokémon introduced in Generation 1.";cleffa;3;480;110;55;monsters/clefable.png.txt;monsters/clefable_normal.gif.txt;monsters/clefable_back.gif.txt
43;Clefable-1;"Clefable is a Fairy type Pokémon introduced in Generation 1.";cleffa;4;719;165;83;monsters/clefable.png.txt;monsters/clefable_normal.gif.txt;monsters/clefable_back.gif.txt
44;Clefable-2;"Clefable is a Fairy type Pokémon introduced in Generation 1.";cleffa;5;959;220;110;monsters/clefable.png.txt;monsters/clefable_normal.gif.txt;monsters/clefable_back.gif.txt
45;Igglybuff;"Igglybuff is a Normal/Fairy type Pokémon introduced in Generation 2.";igglybuff;1;210;90;30;monsters/igglybuff.png.txt;monsters/igglybuff_normal.gif.txt;monsters/igglybuff_back.gif.txt
46;Jigglypuff;"Jigglypuff is a Normal/Fairy type Pokémon introduced in Generation 1.\nIn Generation 9, a Paradox Pokémon Scream Tail was discovered, which bears a striking resemblance to Jigglypuff.";igglybuff;2;231;99;33;monsters/jigglypuff.png.txt;monsters/jigglypuff_normal.gif.txt;monsters/jigglypuff_back.gif.txt
47;Wigglytuff;"Wigglytuff is a Normal/Fairy type Pokémon introduced in Generation 1.";igglybuff;3;462;198;66;monsters/wigglytuff.png.txt;monsters/wigglytuff_normal.gif.txt;monsters/wigglytuff_back.gif.txt
48;Wigglytuff-1;"Wigglytuff is a Normal/Fairy type Pokémon introduced in Generation 1.";igglybuff;4;693;297;99;monsters/wigglytuff.png.txt;monsters/wigglytuff_normal.gif.txt;monsters/wigglytuff_back.gif.txt
49;Wigglytuff-2;"Wigglytuff is a Normal/Fairy type Pokémon introduced in Generation 1.";igglybuff;5;924;396;132;monsters/wigglytuff.png.txt;monsters/wigglytuff_normal.gif.txt;monsters/wigglytuff_back.gif.txt
50;Zubat;"Zubat is a Poison/Flying type Pokémon introduced in Generation 1.";zubat;1;245;40;45;monsters/zubat.png.txt;monsters/zubat_normal.gif.txt;monsters/zubat_back.gif.txt
51;Golbat;"Golbat is a Poison/Flying type Pokémon introduced in Generation 1.";zubat;2;270;44;50;monsters/golbat.png.txt;monsters/golbat_normal.gif.txt;monsters/golbat_back.gif.txt
52;Crobat;"Crobat is a Poison/Flying type Pokémon introduced in Generation 2.";zubat;3;539;88;99;monsters/crobat.png.txt;monsters/crobat_normal.gif.txt;monsters/crobat_back.gif.txt
53;Crobat-1;"Crobat is a Poison/Flying type Pokémon introduced in Generation 2.";zubat;4;809;132;149;monsters/crobat.png.txt;monsters/crobat_normal.gif.txt;monsters/crobat_back.gif.txt
54;Crobat-2;"Crobat is a Poison/Flying type Pokémon introduced in Generation 2.";zubat;5;1078;176;198;monsters/crobat.png.txt;monsters/crobat_normal.gif.txt;monsters/crobat_back.gif.txt
55;Abra;"Abra is a Psychic type Pokémon introduced in Generation 1.";abra;1;310;25;20;monsters/abra.png.txt;monsters/abra_normal.gif.txt;monsters/abra_back.gif.txt
56;Kadabra;"Kadabra is a Psychic type Pokémon introduced in Generation 1.";abra;2;341;28;22;monsters/kadabra.png.txt;monsters/kadabra_normal.gif.txt;monsters/kadabra_back.gif.txt
57;Alakazam;"Alakazam is a Psychic type Pokémon introduced in Generation 1.\nAlakazam has a Mega Evolution, available in Generation 6 games and Pokémon Go.";abra;3;682;55;44;monsters/alakazam.png.txt;monsters/alakazam_normal.gif.txt;monsters/alakazam_back.gif.txt
58;Alakazam-1;"Alakazam is a Psychic type Pokémon introduced in Generation 1.\nAlakazam has a Mega Evolution, available in Generation 6 games and Pokémon Go.";abra;4;1023;83;66;monsters/alakazam.png.txt;monsters/alakazam_normal.gif.txt;monsters/alakazam_back.gif.txt
59;Alakazam-2;"Alakazam is a Psychic type Pokémon introduced in Generation 1.\nAlakazam has a Mega Evolution, available in Generation 6 games and Pokémon Go.";abra;5;1364;110;88;monsters/alakazam.png.txt;monsters/alakazam_normal.gif.txt;monsters/alakazam_back.gif.txt
60;Machop;"Machop is a Fighting type Pokémon introduced in Generation 1.";machop;1;305;70;80;monsters/machop.png.txt;monsters/machop_normal.gif.txt;monsters/machop_back.gif.txt
61;Machoke;"Machoke is a Fighting type Pokémon introduced in Generation 1.";machop;2;336;77;88;monsters/machoke.png.txt;monsters/machoke_normal.gif.txt;monsters/machoke_back.gif.txt
62;Machamp;"Machamp is a Fighting type Pokémon introduced in Generation 1.\nMachamp has a Gigantamax form available in Pokémon Sword/Shield, with an exclusive G-Max move, G-Max Chi Strike.";machop;3;671;154;176;monsters/machamp.png.txt;monsters/machamp_normal.gif.txt;monsters/machamp_back.gif.txt
63;Machamp-1;"Machamp is a Fighting type Pokémon introduced in Generation 1.\nMachamp has a Gigantamax form available in Pokémon Sword/Shield, with an exclusive G-Max move, G-Max Chi Strike.";machop;4;1007;231;264;monsters/machamp.png.txt;monsters/machamp_normal.gif.txt;monsters/machamp_back.gif.txt
64;Machamp-2;"Machamp is a Fighting type Pokémon introduced in Generation 1.\nMachamp has a Gigantamax form available in Pokémon Sword/Shield, with an exclusive G-Max move, G-Max Chi Strike.";machop;5;1342;308;352;monsters/machamp.png.txt;monsters/machamp_normal.gif.txt;monsters/machamp_back.gif.txt
65;Bellsprout;"Bellsprout is a Grass/Poison type Pokémon introduced in Generation 1.";bellsprout;1;300;50;75;monsters/bellsprout.png.txt;monsters/bellsprout_normal.gif.txt;monsters/bellsprout_back.gif.txt
66;Weepinbell;"Weepinbell is a Grass/Poison type Pokémon introduced in Generation 1.";bellsprout;2;330;55;83;monsters/weepinbell.png.txt;monsters/weepinbell_normal.gif.txt;monsters/weepinbell_back.gif.txt
67;Victreebel;"Victreebel is a Grass/Poison type Pokémon introduced in Generation 1.";bellsprout;3;660;110;165;monsters/victreebel.png.txt;monsters/victreebel_normal.gif.txt;monsters/victreebel_back.gif.txt
68;Victreebel-1;"Victreebel is a Grass/Poison type Pokémon introduced in Generation 1.";bellsprout;4;990;165;248;monsters/victreebel.png.txt;monsters/victreebel_normal.gif.txt;monsters/victreebel_back.gif.txt
69;Victreebel-2;"Victreebel is a Grass/Poison type Pokémon introduced in Generation 1.";bellsprout;5;1320;220;330;monsters/victreebel.png.txt;monsters/victreebel_normal.gif.txt;monsters/victreebel_back.gif.txt
70;Geodude;"Geodude is a Rock/Ground type Pokémon introduced in Generation 1.\nGeodude has an Alolan Form, introduced in Pokémon Sun/Moon.";geodude;1;300;40;80;monsters/geodude.png.txt;monsters/geodude_normal.gif.txt;monsters/geodude_back.gif.txt
71;Graveler;"Graveler is a Rock/Ground type Pokémon introduced in Generation 1.\nGraveler has an Alolan Form, introduced in Pokémon Sun/Moon.";geodude;2;330;44;88;monsters/graveler.png.txt;monsters/graveler_normal.gif.txt;monsters/graveler_back.gif.txt
72;Golem;"Golem is a Rock/Ground type Pokémon introduced in Generation 1.\nGolem has an Alolan Form, introduced in Pokémon Sun/Moon.";geodude;3;660;88;176;monsters/golem.png.txt;monsters/golem_normal.gif.txt;monsters/golem_back.gif.txt
73;Golem-1;"Golem is a Rock/Ground type Pokémon introduced in Generation 1.\nGolem has an Alolan Form, introduced in Pokémon Sun/Moon.";geodude;4;990;132;264;monsters/golem.png.txt;monsters/golem_normal.gif.txt;monsters/golem_back.gif.txt
74;Golem-2;"Golem is a Rock/Ground type Pokémon introduced in Generation 1.\nGolem has an Alolan Form, introduced in Pokémon Sun/Moon.";geodude;5;1320;176;352;monsters/golem.png.txt;monsters/golem_normal.gif.txt;monsters/golem_back.gif.txt
75;Magnemite;"Magnemite is an Electric/Steel type Pokémon introduced in Generation 1.";magnemite;1;325;25;35;monsters/magnemite.png.txt;monsters/magnemite_normal.gif.txt;monsters/magnemite_back.gif.txt
76;Magneton;"Magneton is an Electric/Steel type Pokémon introduced in Generation 1.\nIn Generation 9, a Paradox Pokémon Sandy Shocks was discovered, which bears a striking resemblance to Magneton.";magnemite;2;358;28;39;monsters/magneton.png.txt;monsters/magneton_normal.gif.txt;monsters/magneton_back.gif.txt
77;Magnezone;"Magnezone is an Electric/Steel type Pokémon introduced in Generation 4.";magnemite;3;715;55;77;monsters/magnezone.png.txt;monsters/magnezone_normal.gif.txt;monsters/magnezone_back.gif.txt
78;Magnezone-1;"Magnezone is an Electric/Steel type Pokémon introduced in Generation 4.";magnemite;4;1073;83;116;monsters/magnezone.png.txt;monsters/magnezone_normal.gif.txt;monsters/magnezone_back.gif.txt
79;Magnezone-2;"Magnezone is an Electric/Steel type Pokémon introduced in Generation 4.";magnemite;5;1430;110;154;monsters/magnezone.png.txt;monsters/magnezone_normal.gif.txt;monsters/magnezone_back.gif.txt
80;Gastly;"Gastly is a Ghost/Poison type Pokémon introduced in Generation 1.";gastly;1;310;30;35;monsters/gastly.png.txt;monsters/gastly_normal.gif.txt;monsters/gastly_back.gif.txt
81;Haunter;"Haunter is a Ghost/Poison type Pokémon introduced in Generation 1.";gastly;2;341;33;39;monsters/haunter.png.txt;monsters/haunter_normal.gif.txt;monsters/haunter_back.gif.txt
82;Gengar;"Gengar is a Ghost/Poison type Pokémon introduced in Generation 1.\nGengar has a Mega Evolution, available in Generation 6 games and Pokémon Go; it also has a Gigantamax form available in Pokémon Sword/Shield, with an exclusive G-Max move, G-Max Terror.";gastly;3;682;66;77;monsters/gengar.png.txt;monsters/gengar_normal.gif.txt;monsters/gengar_back.gif.txt
83;Gengar-1;"Gengar is a Ghost/Poison type Pokémon introduced in Generation 1.\nGengar has a Mega Evolution, available in Generation 6 games and Pokémon Go; it also has a Gigantamax form available in Pokémon Sword/Shield, with an exclusive G-Max move, G-Max Terror.";gastly;4;1023;99;116;monsters/gengar.png.txt;monsters/gengar_normal.gif.txt;monsters/gengar_back.gif.txt
84;Gengar-2;"Gengar is a Ghost/Poison type Pokémon introduced in Generation 1.\nGengar has a Mega Evolution, available in Generation 6 games and Pokémon Go; it also has a Gigantamax form available in Pokémon Sword/Shield, with an exclusive G-Max move, G-Max Terror.";gastly;5;1364;132;154;monsters/gengar.png.txt;monsters/gengar_normal.gif.txt;monsters/gengar_back.gif.txt
85;Rhyhorn;"Rhyhorn is a Ground/Rock type Pokémon introduced in Generation 1.";rhyhorn;1;345;80;85;monsters/rhyhorn.png.txt;monsters/rhyhorn_normal.gif.txt;monsters/rhyhorn_back.gif.txt
86;Rhydon;"Rhydon is a Ground/Rock type Pokémon introduced in Generation 1.";rhyhorn;2;380;88;94;monsters/rhydon.png.txt;monsters/rhydon_normal.gif.txt;monsters/rhydon_back.gif.txt
87;Rhyperior;"Rhyperior is a Ground/Rock type Pokémon introduced in Generation 4.";rhyhorn;3;759;176;187;monsters/rhyperior.png.txt;monsters/rhyperior_normal.gif.txt;monsters/rhyperior_back.gif.txt
88;Rhyperior-1;"Rhyperior is a Ground/Rock type Pokémon introduced in Generation 4.";rhyhorn;4;1139;264;281;monsters/rhyperior.png.txt;monsters/rhyperior_normal.gif.txt;monsters/rhyperior_back.gif.txt
89;Rhyperior-2;"Rhyperior is a Ground/Rock type Pokémon introduced in Generation 4.";rhyhorn;5;1518;352;374;monsters/rhyperior.png.txt;monsters/rhyperior_normal.gif.txt;monsters/rhyperior_back.gif.txt
90;Happiny;"Happiny is a Normal type Pokémon introduced in Generation 4.";happiny;1;220;100;5;monsters/happiny.png.txt;monsters/happiny_normal.gif.txt;monsters/happiny_back.gif.txt
91;Chansey;"Chansey is a Normal type Pokémon introduced in Generation 1.";happiny;2;242;110;6;monsters/chansey.png.txt;monsters/chansey_normal.gif.txt;monsters/chansey_back.gif.txt
92;Blissey;"Blissey is a Normal type Pokémon introduced in Generation 2.";happiny;3;484;220;11;monsters/blissey.png.txt;monsters/blissey_normal.gif.txt;monsters/blissey_back.gif.txt
93;Blissey-1;"Blissey is a Normal type Pokémon introduced in Generation 2.";happiny;4;726;330;17;monsters/blissey.png.txt;monsters/blissey_normal.gif.txt;monsters/blissey_back.gif.txt
94;Blissey-2;"Blissey is a Normal type Pokémon introduced in Generation 2.";happiny;5;968;440;22;monsters/blissey.png.txt;monsters/blissey_normal.gif.txt;monsters/blissey_back.gif.txt
95;Horsea;"Horsea is a Water type Pokémon introduced in Generation 1.";horsea;1;295;30;40;monsters/horsea.png.txt;monsters/horsea_normal.gif.txt;monsters/horsea_back.gif.txt
96;Seadra;"Seadra is a Water type Pokémon introduced in Generation 1.";horsea;2;325;33;44;monsters/seadra.png.txt;monsters/seadra_normal.gif.txt;monsters/seadra_back.gif.txt
97;Kingdra;"Kingdra is a Water/Dragon type Pokémon introduced in Generation 2.";horsea;3;649;66;88;monsters/kingdra.png.txt;monsters/kingdra_normal.gif.txt;monsters/kingdra_back.gif.txt
98;Kingdra-1;"Kingdra is a Water/Dragon type Pokémon introduced in Generation 2.";horsea;4;974;99;132;monsters/kingdra.png.txt;monsters/kingdra_normal.gif.txt;monsters/kingdra_back.gif.txt
99;Kingdra-2;"Kingdra is a Water/Dragon type Pokémon introduced in Generation 2.";horsea;5;1298;132;176;monsters/kingdra.png.txt;monsters/kingdra_normal.gif.txt;monsters/kingdra_back.gif.txt
100;Elekid;"Elekid is an Electric type Pokémon introduced in Generation 2.";elekid;1;360;45;63;monsters/elekid.png.txt;monsters/elekid_normal.gif.txt;monsters/elekid_back.gif.txt
101;Electabuzz;"Electabuzz is an Electric type Pokémon introduced in Generation 1.";elekid;2;396;50;69;monsters/electabuzz.png.txt;monsters/electabuzz_normal.gif.txt;monsters/electabuzz_back.gif.txt
102;Electivire;"Electivire is an Electric type Pokémon introduced in Generation 4.";elekid;3;792;99;139;monsters/electivire.png.txt;monsters/electivire_normal.gif.txt;monsters/electivire_back.gif.txt
103;Electivire-1;"Electivire is an Electric type Pokémon introduced in Generation 4.";elekid;4;1188;149;208;monsters/electivire.png.txt;monsters/electivire_normal.gif.txt;monsters/electivire_back.gif.txt
104;Electivire-2;"Electivire is an Electric type Pokémon introduced in Generation 4.";elekid;5;1584;198;277;monsters/electivire.png.txt;monsters/electivire_normal.gif.txt;monsters/electivire_back.gif.txt
105;Magby;"Magby is a Fire type Pokémon introduced in Generation 2.";magby;1;365;45;75;monsters/magby.png.txt;monsters/magby_normal.gif.txt;monsters/magby_back.gif.txt
106;Magmar;"Magmar is a Fire type Pokémon introduced in Generation 1.";magby;2;402;50;83;monsters/magmar.png.txt;monsters/magmar_normal.gif.txt;monsters/magmar_back.gif.txt
107;Magmortar;"Magmortar is a Fire type Pokémon introduced in Generation 4.";magby;3;803;99;165;monsters/magmortar.png.txt;monsters/magmortar_normal.gif.txt;monsters/magmortar_back.gif.txt
108;Magmortar-1;"Magmortar is a Fire type Pokémon introduced in Generation 4.";magby;4;1205;149;248;monsters/magmortar.png.txt;monsters/magmortar_normal.gif.txt;monsters/magmortar_back.gif.txt
109;Magmortar-2;"Magmortar is a Fire type Pokémon introduced in Generation 4.";magby;5;1606;198;330;monsters/magmortar.png.txt;monsters/magmortar_normal.gif.txt;monsters/magmortar_back.gif.txt
110;Porygon;"Porygon is a Normal type Pokémon introduced in Generation 1.";porygon;1;395;65;60;monsters/porygon.png.txt;monsters/porygon_normal.gif.txt;monsters/porygon_back.gif.txt
111;Porygon2;"Porygon2 is a Normal type Pokémon introduced in Generation 2.";porygon;2;435;72;66;monsters/porygon2.png.txt;monsters/porygon2_normal.gif.txt;monsters/porygon2_back.gif.txt
112;Porygon-Z;"Porygon-Z is a Normal type Pokémon introduced in Generation 4.";porygon;3;869;143;132;monsters/porygon-z.png.txt;monsters/porygon-z_normal.gif.txt;monsters/porygon-z_back.gif.txt
113;Porygon-Z-1;"Porygon-Z is a Normal type Pokémon introduced in Generation 4.";porygon;4;1304;215;198;monsters/porygon-z.png.txt;monsters/porygon-z_normal.gif.txt;monsters/porygon-z_back.gif.txt
114;Porygon-Z-2;"Porygon-Z is a Normal type Pokémon introduced in Generation 4.";porygon;5;1738;286;264;monsters/porygon-z.png.txt;monsters/porygon-z_normal.gif.txt;monsters/porygon-z_back.gif.txt
115;Dratini;"Dratini is a Dragon type Pokémon introduced in Generation 1.";dratini;1;300;41;64;monsters/dratini.png.txt;monsters/dratini_normal.gif.txt;monsters/dratini_back.gif.txt
116;Dragonair;"Dragonair is a Dragon type Pokémon introduced in Generation 1.";dratini;2;330;45;70;monsters/dragonair.png.txt;monsters/dragonair_normal.gif.txt;monsters/dragonair_back.gif.txt
117;Dragonite;"Dragonite is a Dragon/Flying type Pokémon introduced in Generation 1.\nDragonite is a pseudo-legendary Pokémon. Its evolution line were the only Dragon type Pokémon in the first generation of games (Red/Blue/Yellow).";dratini;3;660;90;141;monsters/dragonite.png.txt;monsters/dragonite_normal.gif.txt;monsters/dragonite_back.gif.txt
118;Dragonite-1;"Dragonite is a Dragon/Flying type Pokémon introduced in Generation 1.\nDragonite is a pseudo-legendary Pokémon. Its evolution line were the only Dragon type Pokémon in the first generation of games (Red/Blue/Yellow).";dratini;4;990;135;211;monsters/dragonite.png.txt;monsters/dragonite_normal.gif.txt;monsters/dragonite_back.gif.txt
119;Dragonite-2;"Dragonite is a Dragon/Flying type Pokémon introduced in Generation 1.\nDragonite is a pseudo-legendary Pokémon. Its evolution line were the only Dragon type Pokémon in the first generation of games (Red/Blue/Yellow).";dratini;5;1320;180;282;monsters/dragonite.png.txt;monsters/dragonite_normal.gif.txt;monsters/dragonite_back.gif.txt
120;Chikorita;"Chikorita is a Grass type Pokémon introduced in Generation 2.";chikorita;1;318;45;49;monsters/chikorita.png.txt;monsters/chikorita_normal.gif.txt;monsters/chikorita_back.gif.txt
121;Bayleef;"Bayleef is a Grass type Pokémon introduced in Generation 2.";chikorita;2;350;50;54;monsters/bayleef.png.txt;monsters/bayleef_normal.gif.txt;monsters/bayleef_back.gif.txt
122;Meganium;"Meganium is a Grass type Pokémon introduced in Generation 2.";chikorita;3;700;99;108;monsters/meganium.png.txt;monsters/meganium_normal.gif.txt;monsters/meganium_back.gif.txt
123;Meganium-1;"Meganium is a Grass type Pokémon introduced in Generation 2.";chikorita;4;1049;149;162;monsters/meganium.png.txt;monsters/meganium_normal.gif.txt;monsters/meganium_back.gif.txt
124;Meganium-2;"Meganium is a Grass type Pokémon introduced in Generation 2.";chikorita;5;1399;198;216;monsters/meganium.png.txt;monsters/meganium_normal.gif.txt;monsters/meganium_back.gif.txt
125;Totodile;"Totodile is a Water type Pokémon introduced in Generation 2.";totodile;1;314;50;65;monsters/totodile.png.txt;monsters/totodile_normal.gif.txt;monsters/totodile_back.gif.txt
126;Croconaw;"Croconaw is a Water type Pokémon introduced in Generation 2.";totodile;2;345;55;72;monsters/croconaw.png.txt;monsters/croconaw_normal.gif.txt;monsters/croconaw_back.gif.txt
127;Feraligatr;"Feraligatr is a Water type Pokémon introduced in Generation 2.";totodile;3;691;110;143;monsters/feraligatr.png.txt;monsters/feraligatr_normal.gif.txt;monsters/feraligatr_back.gif.txt
128;Feraligatr-1;"Feraligatr is a Water type Pokémon introduced in Generation 2.";totodile;4;1036;165;215;monsters/feraligatr.png.txt;monsters/feraligatr_normal.gif.txt;monsters/feraligatr_back.gif.txt
129;Feraligatr-2;"Feraligatr is a Water type Pokémon introduced in Generation 2.";totodile;5;1382;220;286;monsters/feraligatr.png.txt;monsters/feraligatr_normal.gif.txt;monsters/feraligatr_back.gif.txt
130;Togepi;"Togepi is a Fairy type Pokémon introduced in Generation 2.";togepi;1;245;35;20;monsters/togepi.png.txt;monsters/togepi_normal.gif.txt;monsters/togepi_back.gif.txt
131;Togetic;"Togetic is a Fairy/Flying type Pokémon introduced in Generation 2.";togepi;2;270;39;22;monsters/togetic.png.txt;monsters/togetic_normal.gif.txt;monsters/togetic_back.gif.txt
132;Togekiss;"Togekiss is a Fairy/Flying type Pokémon introduced in Generation 4.";togepi;3;539;77;44;monsters/togekiss.png.txt;monsters/togekiss_normal.gif.txt;monsters/togekiss_back.gif.txt
133;Togekiss-1;"Togekiss is a Fairy/Flying type Pokémon introduced in Generation 4.";togepi;4;809;116;66;monsters/togekiss.png.txt;monsters/togekiss_normal.gif.txt;monsters/togekiss_back.gif.txt
134;Togekiss-2;"Togekiss is a Fairy/Flying type Pokémon introduced in Generation 4.";togepi;5;1078;154;88;monsters/togekiss.png.txt;monsters/togekiss_normal.gif.txt;monsters/togekiss_back.gif.txt
135;Mareep;"Mareep is an Electric type Pokémon introduced in Generation 2.";mareep;1;280;55;40;monsters/mareep.png.txt;monsters/mareep_normal.gif.txt;monsters/mareep_back.gif.txt
136;Flaaffy;"Flaaffy is an Electric type Pokémon introduced in Generation 2.";mareep;2;308;61;44;monsters/flaaffy.png.txt;monsters/flaaffy_normal.gif.txt;monsters/flaaffy_back.gif.txt
137;Ampharos;"Ampharos is an Electric type Pokémon introduced in Generation 2.";mareep;3;616;121;88;monsters/ampharos.png.txt;monsters/ampharos_normal.gif.txt;monsters/ampharos_back.gif.txt
138;Ampharos-1;"Ampharos is an Electric type Pokémon introduced in Generation 2.";mareep;4;924;182;132;monsters/ampharos.png.txt;monsters/ampharos_normal.gif.txt;monsters/ampharos_back.gif.txt
139;Ampharos-2;"Ampharos is an Electric type Pokémon introduced in Generation 2.";mareep;5;1232;242;176;monsters/ampharos.png.txt;monsters/ampharos_normal.gif.txt;monsters/ampharos_back.gif.txt
140;Azurill;"Azurill is a Normal/Fairy type Pokémon introduced in Generation 3.";azurill;1;190;50;20;monsters/azurill.png.txt;monsters/azurill_normal.gif.txt;monsters/azurill_back.gif.txt
141;Marill;"Marill is a Water/Fairy type Pokémon introduced in Generation 2.";azurill;2;209;55;22;monsters/marill.png.txt;monsters/marill_normal.gif.txt;monsters/marill_back.gif.txt
142;Azumarill;"Azumarill is a Water/Fairy type Pokémon introduced in Generation 2.";azurill;3;418;110;44;monsters/azumarill.png.txt;monsters/azumarill_normal.gif.txt;monsters/azumarill_back.gif.txt
143;Azumarill-1;"Azumarill is a Water/Fairy type Pokémon introduced in Generation 2.";azurill;4;627;165;66;monsters/azumarill.png.txt;monsters/azumarill_normal.gif.txt;monsters/azumarill_back.gif.txt
144;Azumarill-2;"Azumarill is a Water/Fairy type Pokémon introduced in Generation 2.";azurill;5;836;220;88;monsters/azumarill.png.txt;monsters/azumarill_normal.gif.txt;monsters/azumarill_back.gif.txt
145;Hoppip;"Hoppip is a Grass/Flying type Pokémon introduced in Generation 2.";hoppip;1;250;35;35;monsters/hoppip.png.txt;monsters/hoppip_normal.gif.txt;monsters/hoppip_back.gif.txt
146;Skiploom;"Skiploom is a Grass/Flying type Pokémon introduced in Generation 2.";hoppip;2;275;39;39;monsters/skiploom.png.txt;monsters/skiploom_normal.gif.txt;monsters/skiploom_back.gif.txt
147;Jumpluff;"Jumpluff is a Grass/Flying type Pokémon introduced in Generation 2.";hoppip;3;550;77;77;monsters/jumpluff.png.txt;monsters/jumpluff_normal.gif.txt;monsters/jumpluff_back.gif.txt
148;Jumpluff-1;"Jumpluff is a Grass/Flying type Pokémon introduced in Generation 2.";hoppip;4;825;116;116;monsters/jumpluff.png.txt;monsters/jumpluff_normal.gif.txt;monsters/jumpluff_back.gif.txt
149;Jumpluff-2;"Jumpluff is a Grass/Flying type Pokémon introduced in Generation 2.";hoppip;5;1100;154;154;monsters/jumpluff.png.txt;monsters/jumpluff_normal.gif.txt;monsters/jumpluff_back.gif.txt
150;Swinub;"Swinub is an Ice/Ground type Pokémon introduced in Generation 2.";swinub;1;250;50;50;monsters/swinub.png.txt;monsters/swinub_normal.gif.txt;monsters/swinub_back.gif.txt
151;Piloswine;"Piloswine is an Ice/Ground type Pokémon introduced in Generation 2.";swinub;2;275;55;55;monsters/piloswine.png.txt;monsters/piloswine_normal.gif.txt;monsters/piloswine_back.gif.txt
152;Mamoswine;"Mamoswine is an Ice/Ground type Pokémon introduced in Generation 4.";swinub;3;550;110;110;monsters/mamoswine.png.txt;monsters/mamoswine_normal.gif.txt;monsters/mamoswine_back.gif.txt
153;Mamoswine-1;"Mamoswine is an Ice/Ground type Pokémon introduced in Generation 4.";swinub;4;825;165;165;monsters/mamoswine.png.txt;monsters/mamoswine_normal.gif.txt;monsters/mamoswine_back.gif.txt
154;Mamoswine-2;"Mamoswine is an Ice/Ground type Pokémon introduced in Generation 4.";swinub;5;1100;220;220;monsters/mamoswine.png.txt;monsters/mamoswine_normal.gif.txt;monsters/mamoswine_back.gif.txt
155;Larvitar;"Larvitar is a Rock/Ground type Pokémon introduced in Generation 2.";larvitar;1;300;50;64;monsters/larvitar.png.txt;monsters/larvitar_normal.gif.txt;monsters/larvitar_back.gif.txt
156;Pupitar;"Pupitar is a Rock/Ground type Pokémon introduced in Generation 2.";larvitar;2;330;55;70;monsters/pupitar.png.txt;monsters/pupitar_normal.gif.txt;monsters/pupitar_back.gif.txt
157;Tyranitar;"Tyranitar is a Rock/Dark type Pokémon introduced in Generation 2.\nTyranitar is a large, bipedal, dinosaur-like Pokémon. It is mostly green, with a grey diamond-shaped patch on its front. It is covered in armor and has a spiky ridge around its back and tail.\nAlthough Tyranitar is Rock/Dark type, it evolves from Pupitar which is Rock/Ground type, thus loses its Ground type upon evolution - a rare occurrence for Pokémon. Tyranitar is a pseudo-legendary Pokémon, and has a Mega Evolution, available in Generation 6 games and Pokémon Go. In Generation 9, a Paradox Pokémon Iron Thorns was discovered, which bears a striking resemblance to Tyranitar.";larvitar;3;660;110;141;monsters/tyranitar.png.txt;monsters/tyranitar_normal.gif.txt;monsters/tyranitar_back.gif.txt
158;Tyranitar-1;"Tyranitar is a Rock/Dark type Pokémon introduced in Generation 2.\nTyranitar is a large, bipedal, dinosaur-like Pokémon. It is mostly green, with a grey diamond-shaped patch on its front. It is covered in armor and has a spiky ridge around its back and tail.\nAlthough Tyranitar is Rock/Dark type, it evolves from Pupitar which is Rock/Ground type, thus loses its Ground type upon evolution - a rare occurrence for Pokémon. Tyranitar is a pseudo-legendary Pokémon, and has a Mega Evolution, available in Generation 6 games and Pokémon Go. In Generation 9, a Paradox Pokémon Iron Thorns was discovered, which bears a striking resemblance to Tyranitar.";larvitar;4;990;165;211;monsters/tyranitar.png.txt;monsters/tyranitar_normal.gif.txt;monsters/tyranitar_back.gif.txt
159;Tyranitar-2;"Tyranitar is a Rock/Dark type Pokémon introduced in Generation 2.\nTyranitar is a large, bipedal, dinosaur-like Pokémon. It is mostly green, with a grey diamond-shaped patch on its front. It is covered in armor and has a spiky ridge around its back and tail.\nAlthough Tyranitar is Rock/Dark type, it evolves from Pupitar which is Rock/Ground type, thus loses its Ground type upon evolution - a rare occurrence for Pokémon. Tyranitar is a pseudo-legendary Pokémon, and has a Mega Evolution, available in Generation 6 games and Pokémon Go. In Generation 9, a Paradox Pokémon Iron Thorns was discovered, which bears a striking resemblance to Tyranitar.";larvitar;5;1320;220;282;monsters/tyranitar.png.txt;monsters/tyranitar_normal.gif.txt;monsters/tyranitar_back.gif.txt
160;Treecko;"Treecko is a Grass type Pokémon introduced in Generation 3.";treecko;1;310;40;45;monsters/treecko.png.txt;monsters/treecko_normal.gif.txt;monsters/treecko_back.gif.txt
161;Grovyle;"Grovyle is a Grass type Pokémon introduced in Generation 3.";treecko;2;341;44;50;monsters/grovyle.png.txt;monsters/grovyle_normal.gif.txt;monsters/grovyle_back.gif.txt
162;Sceptile;"Sceptile is a Grass type Pokémon introduced in Generation 3.\nSceptile has a Mega Evolution, available in Omega Ruby/Alpha Sapphire and Pokémon Go.";treecko;3;682;88;99;monsters/sceptile.png.txt;monsters/sceptile_normal.gif.txt;monsters/sceptile_back.gif.txt
163;Sceptile-1;"Sceptile is a Grass type Pokémon introduced in Generation 3.\nSceptile has a Mega Evolution, available in Omega Ruby/Alpha Sapphire and Pokémon Go.";treecko;4;1023;132;149;monsters/sceptile.png.txt;monsters/sceptile_normal.gif.txt;monsters/sceptile_back.gif.txt
164;Sceptile-2;"Sceptile is a Grass type Pokémon introduced in Generation 3.\nSceptile has a Mega Evolution, available in Omega Ruby/Alpha Sapphire and Pokémon Go.";treecko;5;1364;176;198;monsters/sceptile.png.txt;monsters/sceptile_normal.gif.txt;monsters/sceptile_back.gif.txt
165;Torchic;"Torchic is a Fire type Pokémon introduced in Generation 3.";torchic;1;310;45;60;monsters/torchic.png.txt;monsters/torchic_normal.gif.txt;monsters/torchic_back.gif.txt
166;Combusken;"Combusken is a Fire/Fighting type Pokémon introduced in Generation 3.";torchic;2;341;50;66;monsters/combusken.png.txt;monsters/combusken_normal.gif.txt;monsters/combusken_back.gif.txt
167;Blaziken;"Blaziken is a Fire/Fighting type Pokémon introduced in Generation 3.\nBlaziken has a Mega Evolution, available in Generation 6 games and Pokémon Go.";torchic;3;682;99;132;monsters/blaziken.png.txt;monsters/blaziken_normal.gif.txt;monsters/blaziken_back.gif.txt
168;Blaziken-1;"Blaziken is a Fire/Fighting type Pokémon introduced in Generation 3.\nBlaziken has a Mega Evolution, available in Generation 6 games and Pokémon Go.";torchic;4;1023;149;198;monsters/blaziken.png.txt;monsters/blaziken_normal.gif.txt;monsters/blaziken_back.gif.txt
169;Blaziken-2;"Blaziken is a Fire/Fighting type Pokémon introduced in Generation 3.\nBlaziken has a Mega Evolution, available in Generation 6 games and Pokémon Go.";torchic;5;1364;198;264;monsters/blaziken.png.txt;monsters/blaziken_normal.gif.txt;monsters/blaziken_back.gif.txt
170;Mudkip;"Mudkip is a Water type Pokémon introduced in Generation 3.";mudkip;1;310;50;70;monsters/mudkip.png.txt;monsters/mudkip_normal.gif.txt;monsters/mudkip_back.gif.txt
171;Marshtomp;"Marshtomp is a Water/Ground type Pokémon introduced in Generation 3.";mudkip;2;341;55;77;monsters/marshtomp.png.txt;monsters/marshtomp_normal.gif.txt;monsters/marshtomp_back.gif.txt
172;Swampert;"Swampert is a Water/Ground type Pokémon introduced in Generation 3.\nSwampert has a Mega Evolution, available in Omega Ruby/Alpha Sapphire and Pokémon Go.";mudkip;3;682;110;154;monsters/swampert.png.txt;monsters/swampert_normal.gif.txt;monsters/swampert_back.gif.txt
173;Swampert-1;"Swampert is a Water/Ground type Pokémon introduced in Generation 3.\nSwampert has a Mega Evolution, available in Omega Ruby/Alpha Sapphire and Pokémon Go.";mudkip;4;1023;165;231;monsters/swampert.png.txt;monsters/swampert_normal.gif.txt;monsters/swampert_back.gif.txt
174;Swampert-2;"Swampert is a Water/Ground type Pokémon introduced in Generation 3.\nSwampert has a Mega Evolution, available in Omega Ruby/Alpha Sapphire and Pokémon Go.";mudkip;5;1364;220;308;monsters/swampert.png.txt;monsters/swampert_normal.gif.txt;monsters/swampert_back.gif.txt
175;Lotad;"Lotad is a Water/Grass type Pokémon introduced in Generation 3.";lotad;1;220;40;30;monsters/lotad.png.txt;monsters/lotad_normal.gif.txt;monsters/lotad_back.gif.txt
176;Lombre;"Lombre is a Water/Grass type Pokémon introduced in Generation 3.";lotad;2;242;44;33;monsters/lombre.png.txt;monsters/lombre_normal.gif.txt;monsters/lombre_back.gif.txt
177;Ludicolo;"Ludicolo is a Water/Grass type Pokémon introduced in Generation 3.";lotad;3;484;88;66;monsters/ludicolo.png.txt;monsters/ludicolo_normal.gif.txt;monsters/ludicolo_back.gif.txt
178;Ludicolo-1;"Ludicolo is a Water/Grass type Pokémon introduced in Generation 3.";lotad;4;726;132;99;monsters/ludicolo.png.txt;monsters/ludicolo_normal.gif.txt;monsters/ludicolo_back.gif.txt
179;Ludicolo-2;"Ludicolo is a Water/Grass type Pokémon introduced in Generation 3.";lotad;5;968;176;132;monsters/ludicolo.png.txt;monsters/ludicolo_normal.gif.txt;monsters/ludicolo_back.gif.txt
180;Seedot;"Seedot is a Grass type Pokémon introduced in Generation 3.";seedot;1;220;40;40;monsters/seedot.png.txt;monsters/seedot_normal.gif.txt;monsters/seedot_back.gif.txt
181;Nuzleaf;"Nuzleaf is a Grass/Dark type Pokémon introduced in Generation 3.";seedot;2;242;44;44;monsters/nuzleaf.png.txt;monsters/nuzleaf_normal.gif.txt;monsters/nuzleaf_back.gif.txt
182;Shiftry;"Shiftry is a Grass/Dark type Pokémon introduced in Generation 3.";seedot;3;484;88;88;monsters/shiftry.png.txt;monsters/shiftry_normal.gif.txt;monsters/shiftry_back.gif.txt
183;Shiftry-1;"Shiftry is a Grass/Dark type Pokémon introduced in Generation 3.";seedot;4;726;132;132;monsters/shiftry.png.txt;monsters/shiftry_normal.gif.txt;monsters/shiftry_back.gif.txt
184;Shiftry-2;"Shiftry is a Grass/Dark type Pokémon introduced in Generation 3.";seedot;5;968;176;176;monsters/shiftry.png.txt;monsters/shiftry_normal.gif.txt;monsters/shiftry_back.gif.txt
185;Slakoth;"Slakoth is a Normal type Pokémon introduced in Generation 3.";slakoth;1;280;60;60;monsters/slakoth.png.txt;monsters/slakoth_normal.gif.txt;monsters/slakoth_back.gif.txt
186;Vigoroth;"Vigoroth is a Normal type Pokémon introduced in Generation 3.";slakoth;2;308;66;66;monsters/vigoroth.png.txt;monsters/vigoroth_normal.gif.txt;monsters/vigoroth_back.gif.txt
187;Slaking;"Slaking is a Normal type Pokémon introduced in Generation 3.";slakoth;3;616;132;132;monsters/slaking.png.txt;monsters/slaking_normal.gif.txt;monsters/slaking_back.gif.txt
188;Slaking-1;"Slaking is a Normal type Pokémon introduced in Generation 3.";slakoth;4;924;198;198;monsters/slaking.png.txt;monsters/slaking_normal.gif.txt;monsters/slaking_back.gif.txt
189;Slaking-2;"Slaking is a Normal type Pokémon introduced in Generation 3.";slakoth;5;1232;264;264;monsters/slaking.png.txt;monsters/slaking_normal.gif.txt;monsters/slaking_back.gif.txt
190;Whismur;"Whismur is a Normal type Pokémon introduced in Generation 3.";whismur;1;240;64;51;monsters/whismur.png.txt;monsters/whismur_normal.gif.txt;monsters/whismur_back.gif.txt
191;Loudred;"Loudred is a Normal type Pokémon introduced in Generation 3.";whismur;2;264;70;56;monsters/loudred.png.txt;monsters/loudred_normal.gif.txt;monsters/loudred_back.gif.txt
192;Exploud;"Exploud is a Normal type Pokémon introduced in Generation 3.";whismur;3;528;141;112;monsters/exploud.png.txt;monsters/exploud_normal.gif.txt;monsters/exploud_back.gif.txt
193;Exploud-1;"Exploud is a Normal type Pokémon introduced in Generation 3.";whismur;4;792;211;168;monsters/exploud.png.txt;monsters/exploud_normal.gif.txt;monsters/exploud_back.gif.txt
194;Exploud-2;"Exploud is a Normal type Pokémon introduced in Generation 3.";whismur;5;1056;282;224;monsters/exploud.png.txt;monsters/exploud_normal.gif.txt;monsters/exploud_back.gif.txt
195;Aron;"Aron is a Steel/Rock type Pokémon introduced in Generation 3.";aron;1;330;50;70;monsters/aron.png.txt;monsters/aron_normal.gif.txt;monsters/aron_back.gif.txt
196;Lairon;"Lairon is a Steel/Rock type Pokémon introduced in Generation 3.";aron;2;363;55;77;monsters/lairon.png.txt;monsters/lairon_normal.gif.txt;monsters/lairon_back.gif.txt
197;Aggron;"Aggron is a Steel/Rock type Pokémon introduced in Generation 3.\nAggron is a large, bipedal, dinosaur-like Pokémon with a steel-plated body. Its head is topped with a pair of curved, pointed horns. It has blue eyes, a large tail, and claws on its hands and feet. It is described as a very territorial Pokemon; it claims an entire mountain as its own.\nAggron appears to be based on various prehistoric creatures, including dinosaurs of the Ceratopsidae family, like the Triceratops, as well as Ankylosaurus, an armored dinosaur.\nAggron has a Mega Evolution, available in Generation 6 games and Pokémon Go. Mega Aggron is pure Steel type, making it the only Mega Evolution to lose a type upon evolving.";aron;3;726;110;154;monsters/aggron.png.txt;monsters/aggron_normal.gif.txt;monsters/aggron_back.gif.txt
198;Aggron-1;"Aggron is a Steel/Rock type Pokémon introduced in Generation 3.\nAggron is a large, bipedal, dinosaur-like Pokémon with a steel-plated body. Its head is topped with a pair of curved, pointed horns. It has blue eyes, a large tail, and claws on its hands and feet. It is described as a very territorial Pokemon; it claims an entire mountain as its own.\nAggron appears to be based on various prehistoric creatures, including dinosaurs of the Ceratopsidae family, like the Triceratops, as well as Ankylosaurus, an armored dinosaur.\nAggron has a Mega Evolution, available in Generation 6 games and Pokémon Go. Mega Aggron is pure Steel type, making it the only Mega Evolution to lose a type upon evolving.";aron;4;1089;165;231;monsters/aggron.png.txt;monsters/aggron_normal.gif.txt;monsters/aggron_back.gif.txt
199;Aggron-2;"Aggron is a Steel/Rock type Pokémon introduced in Generation 3.\nAggron is a large, bipedal, dinosaur-like Pokémon with a steel-plated body. Its head is topped with a pair of curved, pointed horns. It has blue eyes, a large tail, and claws on its hands and feet. It is described as a very territorial Pokemon; it claims an entire mountain as its own.\nAggron appears to be based on various prehistoric creatures, including dinosaurs of the Ceratopsidae family, like the Triceratops, as well as Ankylosaurus, an armored dinosaur.\nAggron has a Mega Evolution, available in Generation 6 games and Pokémon Go. Mega Aggron is pure Steel type, making it the only Mega Evolution to lose a type upon evolving.";aron;5;1452;220;308;monsters/aggron.png.txt;monsters/aggron_normal.gif.txt;monsters/aggron_back.gif.txt
200;Budew;"Budew is a Grass/Poison type Pokémon introduced in Generation 4.";budew;1;280;40;30;monsters/budew.png.txt;monsters/budew_normal.gif.txt;monsters/budew_back.gif.txt
201;Roselia;"Roselia is a Grass/Poison type Pokémon introduced in Generation 3.";budew;2;308;44;33;monsters/roselia.png.txt;monsters/roselia_normal.gif.txt;monsters/roselia_back.gif.txt
202;Roserade;"Roserade is a Grass/Poison type Pokémon introduced in Generation 4.";budew;3;616;88;66;monsters/roserade.png.txt;monsters/roserade_normal.gif.txt;monsters/roserade_back.gif.txt
203;Roserade-1;"Roserade is a Grass/Poison type Pokémon introduced in Generation 4.";budew;4;924;132;99;monsters/roserade.png.txt;monsters/roserade_normal.gif.txt;monsters/roserade_back.gif.txt
204;Roserade-2;"Roserade is a Grass/Poison type Pokémon introduced in Generation 4.";budew;5;1232;176;132;monsters/roserade.png.txt;monsters/roserade_normal.gif.txt;monsters/roserade_back.gif.txt
205;Trapinch;"Trapinch is a Ground type Pokémon introduced in Generation 3.";trapinch;1;290;45;100;monsters/trapinch.png.txt;monsters/trapinch_normal.gif.txt;monsters/trapinch_back.gif.txt
206;Vibrava;"Vibrava is a Ground/Dragon type Pokémon introduced in Generation 3.";trapinch;2;319;50;110;monsters/vibrava.png.txt;monsters/vibrava_normal.gif.txt;monsters/vibrava_back.gif.txt
207;Flygon;"Flygon is a Ground/Dragon type Pokémon introduced in Generation 3.";trapinch;3;638;99;220;monsters/flygon.png.txt;monsters/flygon_normal.gif.txt;monsters/flygon_back.gif.txt
208;Flygon-1;"Flygon is a Ground/Dragon type Pokémon introduced in Generation 3.";trapinch;4;957;149;330;monsters/flygon.png.txt;monsters/flygon_normal.gif.txt;monsters/flygon_back.gif.txt
209;Flygon-2;"Flygon is a Ground/Dragon type Pokémon introduced in Generation 3.";trapinch;5;1276;198;440;monsters/flygon.png.txt;monsters/flygon_normal.gif.txt;monsters/flygon_back.gif.txt
210;Duskull;"Duskull is a Ghost type Pokémon introduced in Generation 3.";duskull;1;295;20;40;monsters/duskull.png.txt;monsters/duskull_normal.gif.txt;monsters/duskull_back.gif.txt
211;Dusclops;"Dusclops is a Ghost type Pokémon introduced in Generation 3.";duskull;2;325;22;44;monsters/dusclops.png.txt;monsters/dusclops_normal.gif.txt;monsters/dusclops_back.gif.txt
212;Dusknoir;"Dusknoir is a Ghost type Pokémon introduced in Generation 4.";duskull;3;649;44;88;monsters/dusknoir.png.txt;monsters/dusknoir_normal.gif.txt;monsters/dusknoir_back.gif.txt
213;Dusknoir-1;"Dusknoir is a Ghost type Pokémon introduced in Generation 4.";duskull;4;974;66;132;monsters/dusknoir.png.txt;monsters/dusknoir_normal.gif.txt;monsters/dusknoir_back.gif.txt
214;Dusknoir-2;"Dusknoir is a Ghost type Pokémon introduced in Generation 4.";duskull;5;1298;88;176;monsters/dusknoir.png.txt;monsters/dusknoir_normal.gif.txt;monsters/dusknoir_back.gif.txt
215;Spheal;"Spheal is an Ice/Water type Pokémon introduced in Generation 3.";spheal;1;290;70;40;monsters/spheal.png.txt;monsters/spheal_normal.gif.txt;monsters/spheal_back.gif.txt
216;Sealeo;"Sealeo is an Ice/Water type Pokémon introduced in Generation 3.";spheal;2;319;77;44;monsters/sealeo.png.txt;monsters/sealeo_normal.gif.txt;monsters/sealeo_back.gif.txt
217;Walrein;"Walrein is an Ice/Water type Pokémon introduced in Generation 3.";spheal;3;638;154;88;monsters/walrein.png.txt;monsters/walrein_normal.gif.txt;monsters/walrein_back.gif.txt
218;Walrein-1;"Walrein is an Ice/Water type Pokémon introduced in Generation 3.";spheal;4;957;231;132;monsters/walrein.png.txt;monsters/walrein_normal.gif.txt;monsters/walrein_back.gif.txt
219;Walrein-2;"Walrein is an Ice/Water type Pokémon introduced in Generation 3.";spheal;5;1276;308;176;monsters/walrein.png.txt;monsters/walrein_normal.gif.txt;monsters/walrein_back.gif.txt
220;Bagon;"Bagon is a Dragon type Pokémon introduced in Generation 3.";bagon;1;300;45;75;monsters/bagon.png.txt;monsters/bagon_normal.gif.txt;monsters/bagon_back.gif.txt
221;Shelgon;"Shelgon is a Dragon type Pokémon introduced in Generation 3.";bagon;2;330;50;83;monsters/shelgon.png.txt;monsters/shelgon_normal.gif.txt;monsters/shelgon_back.gif.txt
222;Salamence;"Salamence is a Dragon/Flying type Pokémon introduced in Generation 3.\nSalamence is a pseudo-legendary Pokémon. It has a Mega Evolution, available in Omega Ruby/Alpha Sapphire and Pokémon Go.\nIn Generation 9, a Paradox Pokémon Roaring Moon was discovered, which bears a striking resemblance to Salamence.";bagon;3;660;99;165;monsters/salamence.png.txt;monsters/salamence_normal.gif.txt;monsters/salamence_back.gif.txt
223;Salamence-1;"Salamence is a Dragon/Flying type Pokémon introduced in Generation 3.\nSalamence is a pseudo-legendary Pokémon. It has a Mega Evolution, available in Omega Ruby/Alpha Sapphire and Pokémon Go.\nIn Generation 9, a Paradox Pokémon Roaring Moon was discovered, which bears a striking resemblance to Salamence.";bagon;4;990;149;248;monsters/salamence.png.txt;monsters/salamence_normal.gif.txt;monsters/salamence_back.gif.txt
224;Salamence-2;"Salamence is a Dragon/Flying type Pokémon introduced in Generation 3.\nSalamence is a pseudo-legendary Pokémon. It has a Mega Evolution, available in Omega Ruby/Alpha Sapphire and Pokémon Go.\nIn Generation 9, a Paradox Pokémon Roaring Moon was discovered, which bears a striking resemblance to Salamence.";bagon;5;1320;198;330;monsters/salamence.png.txt;monsters/salamence_normal.gif.txt;monsters/salamence_back.gif.txt
225;Beldum;"Beldum is a Steel/Psychic type Pokémon introduced in Generation 3.";beldum;1;300;40;55;monsters/beldum.png.txt;monsters/beldum_normal.gif.txt;monsters/beldum_back.gif.txt
226;Metang;"Metang is a Steel/Psychic type Pokémon introduced in Generation 3.";beldum;2;330;44;61;monsters/metang.png.txt;monsters/metang_normal.gif.txt;monsters/metang_back.gif.txt
227;Metagross;"Metagross is a Steel/Psychic type Pokémon introduced in Generation 3.\nMetagross is a pseudo-legendary Pokémon. It has a Mega Evolution, available in Omega Ruby/Alpha Sapphire.";beldum;3;660;88;121;monsters/metagross.png.txt;monsters/metagross_normal.gif.txt;monsters/metagross_back.gif.txt
228;Metagross-1;"Metagross is a Steel/Psychic type Pokémon introduced in Generation 3.\nMetagross is a pseudo-legendary Pokémon. It has a Mega Evolution, available in Omega Ruby/Alpha Sapphire.";beldum;4;990;132;182;monsters/metagross.png.txt;monsters/metagross_normal.gif.txt;monsters/metagross_back.gif.txt
229;Metagross-2;"Metagross is a Steel/Psychic type Pokémon introduced in Generation 3.\nMetagross is a pseudo-legendary Pokémon. It has a Mega Evolution, available in Omega Ruby/Alpha Sapphire.";beldum;5;1320;176;242;monsters/metagross.png.txt;monsters/metagross_normal.gif.txt;monsters/metagross_back.gif.txt
230;Turtwig;"Turtwig is a Grass type Pokémon introduced in Generation 4.";turtwig;1;318;55;68;monsters/turtwig.png.txt;monsters/turtwig_normal.gif.txt;monsters/turtwig_back.gif.txt
231;Grotle;"Grotle is a Grass type Pokémon introduced in Generation 4.";turtwig;2;350;61;75;monsters/grotle.png.txt;monsters/grotle_normal.gif.txt;monsters/grotle_back.gif.txt
232;Torterra;"Torterra is a Grass/Ground type Pokémon introduced in Generation 4.";turtwig;3;700;121;150;monsters/torterra.png.txt;monsters/torterra_normal.gif.txt;monsters/torterra_back.gif.txt
233;Torterra-1;"Torterra is a Grass/Ground type Pokémon introduced in Generation 4.";turtwig;4;1049;182;224;monsters/torterra.png.txt;monsters/torterra_normal.gif.txt;monsters/torterra_back.gif.txt
234;Torterra-2;"Torterra is a Grass/Ground type Pokémon introduced in Generation 4.";turtwig;5;1399;242;299;monsters/torterra.png.txt;monsters/torterra_normal.gif.txt;monsters/torterra_back.gif.txt
235;Chimchar;"Chimchar is a Fire type Pokémon introduced in Generation 4.";chimchar;1;309;44;58;monsters/chimchar.png.txt;monsters/chimchar_normal.gif.txt;monsters/chimchar_back.gif.txt
236;Monferno;"Monferno is a Fire/Fighting type Pokémon introduced in Generation 4.";chimchar;2;340;48;64;monsters/monferno.png.txt;monsters/monferno_normal.gif.txt;monsters/monferno_back.gif.txt
237;Infernape;"Infernape is a Fire/Fighting type Pokémon introduced in Generation 4.";chimchar;3;680;97;128;monsters/infernape.png.txt;monsters/infernape_normal.gif.txt;monsters/infernape_back.gif.txt
238;Infernape-1;"Infernape is a Fire/Fighting type Pokémon introduced in Generation 4.";chimchar;4;1020;145;191;monsters/infernape.png.txt;monsters/infernape_normal.gif.txt;monsters/infernape_back.gif.txt
239;Infernape-2;"Infernape is a Fire/Fighting type Pokémon introduced in Generation 4.";chimchar;5;1360;194;255;monsters/infernape.png.txt;monsters/infernape_normal.gif.txt;monsters/infernape_back.gif.txt
240;Piplup;"Piplup is a Water type Pokémon introduced in Generation 4.";piplup;1;314;53;51;monsters/piplup.png.txt;monsters/piplup_normal.gif.txt;monsters/piplup_back.gif.txt
241;Prinplup;"Prinplup is a Water type Pokémon introduced in Generation 4.";piplup;2;345;58;56;monsters/prinplup.png.txt;monsters/prinplup_normal.gif.txt;monsters/prinplup_back.gif.txt
242;Empoleon;"Empoleon is a Water/Steel type Pokémon introduced in Generation 4.";piplup;3;691;117;112;monsters/empoleon.png.txt;monsters/empoleon_normal.gif.txt;monsters/empoleon_back.gif.txt
243;Empoleon-1;"Empoleon is a Water/Steel type Pokémon introduced in Generation 4.";piplup;4;1036;175;168;monsters/empoleon.png.txt;monsters/empoleon_normal.gif.txt;monsters/empoleon_back.gif.txt
244;Empoleon-2;"Empoleon is a Water/Steel type Pokémon introduced in Generation 4.";piplup;5;1382;233;224;monsters/empoleon.png.txt;monsters/empoleon_normal.gif.txt;monsters/empoleon_back.gif.txt
245;Starly;"Starly is a Normal/Flying type Pokémon introduced in Generation 4.";starly;1;245;40;55;monsters/starly.png.txt;monsters/starly_normal.gif.txt;monsters/starly_back.gif.txt
246;Staravia;"Staravia is a Normal/Flying type Pokémon introduced in Generation 4.";starly;2;270;44;61;monsters/staravia.png.txt;monsters/staravia_normal.gif.txt;monsters/staravia_back.gif.txt
247;Staraptor;"Staraptor is a Normal/Flying type Pokémon introduced in Generation 4.";starly;3;539;88;121;monsters/staraptor.png.txt;monsters/staraptor_normal.gif.txt;monsters/staraptor_back.gif.txt
248;Staraptor-1;"Staraptor is a Normal/Flying type Pokémon introduced in Generation 4.";starly;4;809;132;182;monsters/staraptor.png.txt;monsters/staraptor_normal.gif.txt;monsters/staraptor_back.gif.txt
249;Staraptor-2;"Staraptor is a Normal/Flying type Pokémon introduced in Generation 4.";starly;5;1078;176;242;monsters/staraptor.png.txt;monsters/staraptor_normal.gif.txt;monsters/staraptor_back.gif.txt
250;Shinx;"Shinx is an Electric type Pokémon introduced in Generation 4.";shinx;1;263;45;65;monsters/shinx.png.txt;monsters/shinx_normal.gif.txt;monsters/shinx_back.gif.txt
251;Luxio;"Luxio is an Electric type Pokémon introduced in Generation 4.";shinx;2;289;50;72;monsters/luxio.png.txt;monsters/luxio_normal.gif.txt;monsters/luxio_back.gif.txt
252;Luxray;"Luxray is an Electric type Pokémon introduced in Generation 4.";shinx;3;579;99;143;monsters/luxray.png.txt;monsters/luxray_normal.gif.txt;monsters/luxray_back.gif.txt
253;Luxray-1;"Luxray is an Electric type Pokémon introduced in Generation 4.";shinx;4;868;149;215;monsters/luxray.png.txt;monsters/luxray_normal.gif.txt;monsters/luxray_back.gif.txt
254;Luxray-2;"Luxray is an Electric type Pokémon introduced in Generation 4.";shinx;5;1157;198;286;monsters/luxray.png.txt;monsters/luxray_normal.gif.txt;monsters/luxray_back.gif.txt
255;Burmy;"Burmy is a Bug type Pokémon introduced in Generation 4.";burmy;1;224;40;29;monsters/burmy.png.txt;monsters/burmy_normal.gif.txt;monsters/burmy_back.gif.txt
256;Wormadam;"Wormadam is a Bug/Grass type Pokémon introduced in Generation 4.";burmy;2;246;44;32;monsters/wormadam.png.txt;monsters/wormadam_normal.gif.txt;monsters/wormadam_back.gif.txt
257;Mothim;"Mothim is a Bug/Flying type Pokémon introduced in Generation 4.";burmy;2;493;88;64;monsters/mothim.png.txt;monsters/mothim_normal.gif.txt;monsters/mothim_back.gif.txt
258;Mothim-1;"Mothim is a Bug/Flying type Pokémon introduced in Generation 4.";burmy;4;739;132;96;monsters/mothim.png.txt;monsters/mothim_normal.gif.txt;monsters/mothim_back.gif.txt
259;Mothim-2;"Mothim is a Bug/Flying type Pokémon introduced in Generation 4.";burmy;5;986;176;128;monsters/mothim.png.txt;monsters/mothim_normal.gif.txt;monsters/mothim_back.gif.txt
260;Gible;"Gible is a Dragon/Ground type Pokémon introduced in Generation 4.";gible;1;300;58;70;monsters/gible.png.txt;monsters/gible_normal.gif.txt;monsters/gible_back.gif.txt
261;Gabite;"Gabite is a Dragon/Ground type Pokémon introduced in Generation 4.";gible;2;330;64;77;monsters/gabite.png.txt;monsters/gabite_normal.gif.txt;monsters/gabite_back.gif.txt
262;Garchomp;"Garchomp is a Dragon/Ground type Pokémon introduced in Generation 4.\nGarchomp is a large, bipedal, dragon-like Pokémon. Its body is mainly navy blue in color with some red and gold accents. It has a shark-like head with appendages on either side. It has long triangular fins protruding from its arms, and smaller fins on its tail.\nGarchomp draws its inspiration from several sources, including the hammerhead shark, elements of jet aircraft, and classic dragons from mythology.\nGarchomp is a pseudo-legendary Pokémon. It has a Mega Evolution, available in Generation 6 games.";gible;3;660;128;154;monsters/garchomp.png.txt;monsters/garchomp_normal.gif.txt;monsters/garchomp_back.gif.txt
263;Garchomp-1;"Garchomp is a Dragon/Ground type Pokémon introduced in Generation 4.\nGarchomp is a large, bipedal, dragon-like Pokémon. Its body is mainly navy blue in color with some red and gold accents. It has a shark-like head with appendages on either side. It has long triangular fins protruding from its arms, and smaller fins on its tail.\nGarchomp draws its inspiration from several sources, including the hammerhead shark, elements of jet aircraft, and classic dragons from mythology.\nGarchomp is a pseudo-legendary Pokémon. It has a Mega Evolution, available in Generation 6 games.";gible;4;990;191;231;monsters/garchomp.png.txt;monsters/garchomp_normal.gif.txt;monsters/garchomp_back.gif.txt
264;Garchomp-2;"Garchomp is a Dragon/Ground type Pokémon introduced in Generation 4.\nGarchomp is a large, bipedal, dragon-like Pokémon. Its body is mainly navy blue in color with some red and gold accents. It has a shark-like head with appendages on either side. It has long triangular fins protruding from its arms, and smaller fins on its tail.\nGarchomp draws its inspiration from several sources, including the hammerhead shark, elements of jet aircraft, and classic dragons from mythology.\nGarchomp is a pseudo-legendary Pokémon. It has a Mega Evolution, available in Generation 6 games.";gible;5;1320;255;308;monsters/garchomp.png.txt;monsters/garchomp_normal.gif.txt;monsters/garchomp_back.gif.txt
265;Snivy;"Snivy is a Grass type Pokémon introduced in Generation 5.";snivy;1;308;45;45;monsters/snivy.png.txt;monsters/snivy_normal.gif.txt;monsters/snivy_back.gif.txt
266;Servine;"Servine is a Grass type Pokémon introduced in Generation 5.";snivy;2;339;50;50;monsters/servine.png.txt;monsters/servine_normal.gif.txt;monsters/servine_back.gif.txt
267;Serperior;"Serperior is a Grass type Pokémon introduced in Generation 5.";snivy;3;678;99;99;monsters/serperior.png.txt;monsters/serperior_normal.gif.txt;monsters/serperior_back.gif.txt
268;Serperior-1;"Serperior is a Grass type Pokémon introduced in Generation 5.";snivy;4;1016;149;149;monsters/serperior.png.txt;monsters/serperior_normal.gif.txt;monsters/serperior_back.gif.txt
269;Serperior-2;"Serperior is a Grass type Pokémon introduced in Generation 5.";snivy;5;1355;198;198;monsters/serperior.png.txt;monsters/serperior_normal.gif.txt;monsters/serperior_back.gif.txt
270;Tepig;"Tepig is a Fire type Pokémon introduced in Generation 5.";tepig;1;308;65;63;monsters/tepig.png.txt;monsters/tepig_normal.gif.txt;monsters/tepig_back.gif.txt
271;Pignite;"Pignite is a Fire/Fighting type Pokémon introduced in Generation 5.";tepig;2;339;72;69;monsters/pignite.png.txt;monsters/pignite_normal.gif.txt;monsters/pignite_back.gif.txt
272;Emboar;"Emboar is a Fire/Fighting type Pokémon introduced in Generation 5.";tepig;3;678;143;139;monsters/emboar.png.txt;monsters/emboar_normal.gif.txt;monsters/emboar_back.gif.txt
273;Emboar-1;"Emboar is a Fire/Fighting type Pokémon introduced in Generation 5.";tepig;4;1016;215;208;monsters/emboar.png.txt;monsters/emboar_normal.gif.txt;monsters/emboar_back.gif.txt
274;Emboar-2;"Emboar is a Fire/Fighting type Pokémon introduced in Generation 5.";tepig;5;1355;286;277;monsters/emboar.png.txt;monsters/emboar_normal.gif.txt;monsters/emboar_back.gif.txt
275;Lillipup;"Lillipup is a Normal type Pokémon introduced in Generation 5.";lillipup;1;275;45;60;monsters/lillipup.png.txt;monsters/lillipup_normal.gif.txt;monsters/lillipup_back.gif.txt
276;Herdier;"Herdier is a Normal type Pokémon introduced in Generation 5.";lillipup;2;303;50;66;monsters/herdier.png.txt;monsters/herdier_normal.gif.txt;monsters/herdier_back.gif.txt
277;Stoutland;"Stoutland is a Normal type Pokémon introduced in Generation 5.";lillipup;3;605;99;132;monsters/stoutland.png.txt;monsters/stoutland_normal.gif.txt;monsters/stoutland_back.gif.txt
278;Stoutland-1;"Stoutland is a Normal type Pokémon introduced in Generation 5.";lillipup;4;908;149;198;monsters/stoutland.png.txt;monsters/stoutland_normal.gif.txt;monsters/stoutland_back.gif.txt
279;Stoutland-2;"Stoutland is a Normal type Pokémon introduced in Generation 5.";lillipup;5;1210;198;264;monsters/stoutland.png.txt;monsters/stoutland_normal.gif.txt;monsters/stoutland_back.gif.txt
280;Pidove;"Pidove is a Normal/Flying type Pokémon introduced in Generation 5.";pidove;1;264;50;55;monsters/pidove.png.txt;monsters/pidove_normal.gif.txt;monsters/pidove_back.gif.txt
281;Tranquill;"Tranquill is a Normal/Flying type Pokémon introduced in Generation 5.";pidove;2;290;55;61;monsters/tranquill.png.txt;monsters/tranquill_normal.gif.txt;monsters/tranquill_back.gif.txt
282;Unfezant;"Unfezant is a Normal/Flying type Pokémon introduced in Generation 5.";pidove;3;581;110;121;monsters/unfezant.png.txt;monsters/unfezant_normal.gif.txt;monsters/unfezant_back.gif.txt
283;Unfezant-1;"Unfezant is a Normal/Flying type Pokémon introduced in Generation 5.";pidove;4;871;165;182;monsters/unfezant.png.txt;monsters/unfezant_normal.gif.txt;monsters/unfezant_back.gif.txt
284;Unfezant-2;"Unfezant is a Normal/Flying type Pokémon introduced in Generation 5.";pidove;5;1162;220;242;monsters/unfezant.png.txt;monsters/unfezant_normal.gif.txt;monsters/unfezant_back.gif.txt
285;Roggenrola;"Roggenrola is a Rock type Pokémon introduced in Generation 5.";roggenrola;1;280;55;75;monsters/roggenrola.png.txt;monsters/roggenrola_normal.gif.txt;monsters/roggenrola_back.gif.txt
286;Boldore;"Boldore is a Rock type Pokémon introduced in Generation 5.";roggenrola;2;308;61;83;monsters/boldore.png.txt;monsters/boldore_normal.gif.txt;monsters/boldore_back.gif.txt
287;Gigalith;"Gigalith is a Rock type Pokémon introduced in Generation 5.";roggenrola;3;616;121;165;monsters/gigalith.png.txt;monsters/gigalith_normal.gif.txt;monsters/gigalith_back.gif.txt
288;Gigalith-1;"Gigalith is a Rock type Pokémon introduced in Generation 5.";roggenrola;4;924;182;248;monsters/gigalith.png.txt;monsters/gigalith_normal.gif.txt;monsters/gigalith_back.gif.txt
289;Gigalith-2;"Gigalith is a Rock type Pokémon introduced in Generation 5.";roggenrola;5;1232;242;330;monsters/gigalith.png.txt;monsters/gigalith_normal.gif.txt;monsters/gigalith_back.gif.txt
290;Timburr;"Timburr is a Fighting type Pokémon introduced in Generation 5.";timburr;1;305;75;80;monsters/timburr.png.txt;monsters/timburr_normal.gif.txt;monsters/timburr_back.gif.txt
291;Gurdurr;"Gurdurr is a Fighting type Pokémon introduced in Generation 5.";timburr;2;336;83;88;monsters/gurdurr.png.txt;monsters/gurdurr_normal.gif.txt;monsters/gurdurr_back.gif.txt
292;Conkeldurr;"Conkeldurr is a Fighting type Pokémon introduced in Generation 5.";timburr;3;671;165;176;monsters/conkeldurr.png.txt;monsters/conkeldurr_normal.gif.txt;monsters/conkeldurr_back.gif.txt
293;Conkeldurr-1;"Conkeldurr is a Fighting type Pokémon introduced in Generation 5.";timburr;4;1007;248;264;monsters/conkeldurr.png.txt;monsters/conkeldurr_normal.gif.txt;monsters/conkeldurr_back.gif.txt
294;Conkeldurr-2;"Conkeldurr is a Fighting type Pokémon introduced in Generation 5.";timburr;5;1342;330;352;monsters/conkeldurr.png.txt;monsters/conkeldurr_normal.gif.txt;monsters/conkeldurr_back.gif.txt
295;Tympole;"Tympole is a Water type Pokémon introduced in Generation 5.";tympole;1;294;50;50;monsters/tympole.png.txt;monsters/tympole_normal.gif.txt;monsters/tympole_back.gif.txt
296;Palpitoad;"Palpitoad is a Water/Ground type Pokémon introduced in Generation 5.";tympole;2;323;55;55;monsters/palpitoad.png.txt;monsters/palpitoad_normal.gif.txt;monsters/palpitoad_back.gif.txt
297;Seismitoad;"Seismitoad is a Water/Ground type Pokémon introduced in Generation 5.";tympole;3;647;110;110;monsters/seismitoad.png.txt;monsters/seismitoad_normal.gif.txt;monsters/seismitoad_back.gif.txt
298;Seismitoad-1;"Seismitoad is a Water/Ground type Pokémon introduced in Generation 5.";tympole;4;970;165;165;monsters/seismitoad.png.txt;monsters/seismitoad_normal.gif.txt;monsters/seismitoad_back.gif.txt
299;Seismitoad-2;"Seismitoad is a Water/Ground type Pokémon introduced in Generation 5.";tympole;5;1294;220;220;monsters/seismitoad.png.txt;monsters/seismitoad_normal.gif.txt;monsters/seismitoad_back.gif.txt
300;Sewaddle;"Sewaddle is a Bug/Grass type Pokémon introduced in Generation 5.";sewaddle;1;310;45;53;monsters/sewaddle.png.txt;monsters/sewaddle_normal.gif.txt;monsters/sewaddle_back.gif.txt
301;Swadloon;"Swadloon is a Bug/Grass type Pokémon introduced in Generation 5.";sewaddle;2;341;50;58;monsters/swadloon.png.txt;monsters/swadloon_normal.gif.txt;monsters/swadloon_back.gif.txt
302;Leavanny;"Leavanny is a Bug/Grass type Pokémon introduced in Generation 5.";sewaddle;3;682;99;117;monsters/leavanny.png.txt;monsters/leavanny_normal.gif.txt;monsters/leavanny_back.gif.txt
303;Leavanny-1;"Leavanny is a Bug/Grass type Pokémon introduced in Generation 5.";sewaddle;4;1023;149;175;monsters/leavanny.png.txt;monsters/leavanny_normal.gif.txt;monsters/leavanny_back.gif.txt
304;Leavanny-2;"Leavanny is a Bug/Grass type Pokémon introduced in Generation 5.";sewaddle;5;1364;198;233;monsters/leavanny.png.txt;monsters/leavanny_normal.gif.txt;monsters/leavanny_back.gif.txt
305;Venipede;"Venipede is a Bug/Poison type Pokémon introduced in Generation 5.";venipede;1;260;30;45;monsters/venipede.png.txt;monsters/venipede_normal.gif.txt;monsters/venipede_back.gif.txt
306;Whirlipede;"Whirlipede is a Bug/Poison type Pokémon introduced in Generation 5.";venipede;2;286;33;50;monsters/whirlipede.png.txt;monsters/whirlipede_normal.gif.txt;monsters/whirlipede_back.gif.txt
307;Scolipede;"Scolipede is a Bug/Poison type Pokémon introduced in Generation 5.";venipede;3;572;66;99;monsters/scolipede.png.txt;monsters/scolipede_normal.gif.txt;monsters/scolipede_back.gif.txt
308;Scolipede-1;"Scolipede is a Bug/Poison type Pokémon introduced in Generation 5.";venipede;4;858;99;149;monsters/scolipede.png.txt;monsters/scolipede_normal.gif.txt;monsters/scolipede_back.gif.txt
309;Scolipede-2;"Scolipede is a Bug/Poison type Pokémon introduced in Generation 5.";venipede;5;1144;132;198;monsters/scolipede.png.txt;monsters/scolipede_normal.gif.txt;monsters/scolipede_back.gif.txt
310;Sandile;"Sandile is a Ground/Dark type Pokémon introduced in Generation 5.";sandile;1;292;50;72;monsters/sandile.png.txt;monsters/sandile_normal.gif.txt;monsters/sandile_back.gif.txt
311;Krokorok;"Krokorok is a Ground/Dark type Pokémon introduced in Generation 5.";sandile;2;321;55;79;monsters/krokorok.png.txt;monsters/krokorok_normal.gif.txt;monsters/krokorok_back.gif.txt
312;Krookodile;"Krookodile is a Ground/Dark type Pokémon introduced in Generation 5.";sandile;3;642;110;158;monsters/krookodile.png.txt;monsters/krookodile_normal.gif.txt;monsters/krookodile_back.gif.txt
313;Krookodile-1;"Krookodile is a Ground/Dark type Pokémon introduced in Generation 5.";sandile;4;964;165;238;monsters/krookodile.png.txt;monsters/krookodile_normal.gif.txt;monsters/krookodile_back.gif.txt
314;Krookodile-2;"Krookodile is a Ground/Dark type Pokémon introduced in Generation 5.";sandile;5;1285;220;317;monsters/krookodile.png.txt;monsters/krookodile_normal.gif.txt;monsters/krookodile_back.gif.txt
315;Gothita;"Gothita is a Psychic type Pokémon introduced in Generation 5.";gothita;1;290;45;30;monsters/gothita.png.txt;monsters/gothita_normal.gif.txt;monsters/gothita_back.gif.txt
316;Gothorita;"Gothorita is a Psychic type Pokémon introduced in Generation 5.";gothita;2;319;50;33;monsters/gothorita.png.txt;monsters/gothorita_normal.gif.txt;monsters/gothorita_back.gif.txt
317;Gothitelle;"Gothitelle is a Psychic type Pokémon introduced in Generation 5.";gothita;3;638;99;66;monsters/gothitelle.png.txt;monsters/gothitelle_normal.gif.txt;monsters/gothitelle_back.gif.txt
318;Gothitelle-1;"Gothitelle is a Psychic type Pokémon introduced in Generation 5.";gothita;4;957;149;99;monsters/gothitelle.png.txt;monsters/gothitelle_normal.gif.txt;monsters/gothitelle_back.gif.txt
319;Gothitelle-2;"Gothitelle is a Psychic type Pokémon introduced in Generation 5.";gothita;5;1276;198;132;monsters/gothitelle.png.txt;monsters/gothitelle_normal.gif.txt;monsters/gothitelle_back.gif.txt
320;Solosis;"Solosis is a Psychic type Pokémon introduced in Generation 5.";solosis;1;290;45;30;monsters/solosis.png.txt;monsters/solosis_normal.gif.txt;monsters/solosis_back.gif.txt
321;Duosion;"Duosion is a Psychic type Pokémon introduced in Generation 5.";solosis;2;319;50;33;monsters/duosion.png.txt;monsters/duosion_normal.gif.txt;monsters/duosion_back.gif.txt
322;Reuniclus;"Reuniclus is a Psychic type Pokémon introduced in Generation 5.";solosis;3;638;99;66;monsters/reuniclus.png.txt;monsters/reuniclus_normal.gif.txt;monsters/reuniclus_back.gif.txt
323;Reuniclus-1;"Reuniclus is a Psychic type Pokémon introduced in Generation 5.";solosis;4;957;149;99;monsters/reuniclus.png.txt;monsters/reuniclus_normal.gif.txt;monsters/reuniclus_back.gif.txt
324;Reuniclus-2;"Reuniclus is a Psychic type Pokémon introduced in Generation 5.";solosis;5;1276;198;132;monsters/reuniclus.png.txt;monsters/reuniclus_normal.gif.txt;monsters/reuniclus_back.gif.txt
325;Vanillite;"Vanillite is an Ice type Pokémon introduced in Generation 5.";vanillite;1;305;36;50;monsters/vanillite.png.txt;monsters/vanillite_normal.gif.txt;monsters/vanillite_back.gif.txt
326;Vanillish;"Vanillish is an Ice type Pokémon introduced in Generation 5.";vanillite;2;336;40;55;monsters/vanillish.png.txt;monsters/vanillish_normal.gif.txt;monsters/vanillish_back.gif.txt
327;Vanilluxe;"Vanilluxe is an Ice type Pokémon introduced in Generation 5.";vanillite;3;671;79;110;monsters/vanilluxe.png.txt;monsters/vanilluxe_normal.gif.txt;monsters/vanilluxe_back.gif.txt
328;Vanilluxe-1;"Vanilluxe is an Ice type Pokémon introduced in Generation 5.";vanillite;4;1007;119;165;monsters/vanilluxe.png.txt;monsters/vanilluxe_normal.gif.txt;monsters/vanilluxe_back.gif.txt
329;Vanilluxe-2;"Vanilluxe is an Ice type Pokémon introduced in Generation 5.";vanillite;5;1342;158;220;monsters/vanilluxe.png.txt;monsters/vanilluxe_normal.gif.txt;monsters/vanilluxe_back.gif.txt
330;Klink;"Klink is a Steel type Pokémon introduced in Generation 5.";klink;1;300;40;55;monsters/klink.png.txt;monsters/klink_normal.gif.txt;monsters/klink_back.gif.txt
331;Klang;"Klang is a Steel type Pokémon introduced in Generation 5.";klink;2;330;44;61;monsters/klang.png.txt;monsters/klang_normal.gif.txt;monsters/klang_back.gif.txt
332;Klinklang;"Klinklang is a Steel type Pokémon introduced in Generation 5.";klink;3;660;88;121;monsters/klinklang.png.txt;monsters/klinklang_normal.gif.txt;monsters/klinklang_back.gif.txt
333;Klinklang-1;"Klinklang is a Steel type Pokémon introduced in Generation 5.";klink;4;990;132;182;monsters/klinklang.png.txt;monsters/klinklang_normal.gif.txt;monsters/klinklang_back.gif.txt
334;Klinklang-2;"Klinklang is a Steel type Pokémon introduced in Generation 5.";klink;5;1320;176;242;monsters/klinklang.png.txt;monsters/klinklang_normal.gif.txt;monsters/klinklang_back.gif.txt
335;Tynamo;"Tynamo is an Electric type Pokémon introduced in Generation 5.";tynamo;1;275;35;55;monsters/tynamo.png.txt;monsters/tynamo_normal.gif.txt;monsters/tynamo_back.gif.txt
336;Eelektrik;"Eelektrik is an Electric type Pokémon introduced in Generation 5.";tynamo;2;303;39;61;monsters/eelektrik.png.txt;monsters/eelektrik_normal.gif.txt;monsters/eelektrik_back.gif.txt
337;Eelektross;"Eelektross is an Electric type Pokémon introduced in Generation 5.";tynamo;3;605;77;121;monsters/eelektross.png.txt;monsters/eelektross_normal.gif.txt;monsters/eelektross_back.gif.txt
338;Eelektross-1;"Eelektross is an Electric type Pokémon introduced in Generation 5.";tynamo;4;908;116;182;monsters/eelektross.png.txt;monsters/eelektross_normal.gif.txt;monsters/eelektross_back.gif.txt
339;Eelektross-2;"Eelektross is an Electric type Pokémon introduced in Generation 5.";tynamo;5;1210;154;242;monsters/eelektross.png.txt;monsters/eelektross_normal.gif.txt;monsters/eelektross_back.gif.txt
340;Litwick;"Litwick is a Ghost/Fire type Pokémon introduced in Generation 5.";litwick;1;275;50;30;monsters/litwick.png.txt;monsters/litwick_normal.gif.txt;monsters/litwick_back.gif.txt
341;Lampent;"Lampent is a Ghost/Fire type Pokémon introduced in Generation 5.";litwick;2;303;55;33;monsters/lampent.png.txt;monsters/lampent_normal.gif.txt;monsters/lampent_back.gif.txt
342;Chandelure;"Chandelure is a Ghost/Fire type Pokémon introduced in Generation 5.";litwick;3;605;110;66;monsters/chandelure.png.txt;monsters/chandelure_normal.gif.txt;monsters/chandelure_back.gif.txt
343;Chandelure-1;"Chandelure is a Ghost/Fire type Pokémon introduced in Generation 5.";litwick;4;908;165;99;monsters/chandelure.png.txt;monsters/chandelure_normal.gif.txt;monsters/chandelure_back.gif.txt
344;Chandelure-2;"Chandelure is a Ghost/Fire type Pokémon introduced in Generation 5.";litwick;5;1210;220;132;monsters/chandelure.png.txt;monsters/chandelure_normal.gif.txt;monsters/chandelure_back.gif.txt
345;Axew;"Axew is a Dragon type Pokémon introduced in Generation 5.";axew;1;320;46;87;monsters/axew.png.txt;monsters/axew_normal.gif.txt;monsters/axew_back.gif.txt
346;Fraxure;"Fraxure is a Dragon type Pokémon introduced in Generation 5.";axew;2;352;51;96;monsters/fraxure.png.txt;monsters/fraxure_normal.gif.txt;monsters/fraxure_back.gif.txt
347;Haxorus;"Haxorus is a Dragon type Pokémon introduced in Generation 5.";axew;3;704;101;191;monsters/haxorus.png.txt;monsters/haxorus_normal.gif.txt;monsters/haxorus_back.gif.txt
348;Haxorus-1;"Haxorus is a Dragon type Pokémon introduced in Generation 5.";axew;4;1056;152;287;monsters/haxorus.png.txt;monsters/haxorus_normal.gif.txt;monsters/haxorus_back.gif.txt
349;Haxorus-2;"Haxorus is a Dragon type Pokémon introduced in Generation 5.";axew;5;1408;202;383;monsters/haxorus.png.txt;monsters/haxorus_normal.gif.txt;monsters/haxorus_back.gif.txt
350;Deino;"Deino is a Dark/Dragon type Pokémon introduced in Generation 5.";deino;1;300;52;65;monsters/deino.png.txt;monsters/deino_normal.gif.txt;monsters/deino_back.gif.txt
351;Zweilous;"Zweilous is a Dark/Dragon type Pokémon introduced in Generation 5.";deino;2;330;57;72;monsters/zweilous.png.txt;monsters/zweilous_normal.gif.txt;monsters/zweilous_back.gif.txt
352;Hydreigon;"Hydreigon is a Dark/Dragon type Pokémon introduced in Generation 5.\nHydreigon is a pseudo-legendary Pokémon. In Generation 9, a Paradox Pokémon Iron Jugulis was discovered, which bears a striking resemblance to Hydreigon.";deino;3;660;114;143;monsters/hydreigon.png.txt;monsters/hydreigon_normal.gif.txt;monsters/hydreigon_back.gif.txt
353;Hydreigon-1;"Hydreigon is a Dark/Dragon type Pokémon introduced in Generation 5.\nHydreigon is a pseudo-legendary Pokémon. In Generation 9, a Paradox Pokémon Iron Jugulis was discovered, which bears a striking resemblance to Hydreigon.";deino;4;990;172;215;monsters/hydreigon.png.txt;monsters/hydreigon_normal.gif.txt;monsters/hydreigon_back.gif.txt
354;Hydreigon-2;"Hydreigon is a Dark/Dragon type Pokémon introduced in Generation 5.\nHydreigon is a pseudo-legendary Pokémon. In Generation 9, a Paradox Pokémon Iron Jugulis was discovered, which bears a striking resemblance to Hydreigon.";deino;5;1320;229;286;monsters/hydreigon.png.txt;monsters/hydreigon_normal.gif.txt;monsters/hydreigon_back.gif.txt
